2026-09-15T23:36:27 | INFO     | hl_arb | ============================================================
2026-09-15T23:36:27 | INFO     | hl_arb |   Hyperliquid Arb Bot starting
2026-09-15T23:36:27 | INFO     | hl_arb |   Wallet  : 0x69fA2304DD7EF1DAb42F15A5f0f0C8720d0C3Fc6
2026-09-15T23:36:27 | INFO     | hl_arb |   API URL : https://api.hyperliquid.xyz
2026-09-15T23:36:27 | INFO     | hl_arb |   Pairs   : [('ETH', 'ETH'), ('BTC', 'BTC'), ('SOL', 'SOL'), ('HYPE', 'HYPE')]
2026-09-15T23:36:27 | INFO     | hl_arb | ============================================================
2026-09-15T23:36:27 | INFO     | hl_arb | Loaded 234 asset indices
2026-09-15T23:36:27 | INFO     | hl_arb | OrderManager ready
2026-09-15T23:36:27 | INFO     | hl_arb | Connecting to WebSocket: wss://api.hyperliquid.xyz/ws
2026-09-15T23:36:27 | INFO     | hl_arb | PerpSpotArbStrategy starting
2026-09-15T23:37:22 | INFO     | hl_arb | ============================================================
2026-09-15T23:37:22 | INFO     | hl_arb |   Hyperliquid Arb Bot starting
2026-09-15T23:37:22 | INFO     | hl_arb |   Wallet  : 0x69fA2304DD7EF1DAb42F15A5f0f0C8720d0C3Fc6
2026-09-15T23:37:22 | INFO     | hl_arb |   API URL : https://api.hyperliquid.xyz
2026-09-15T23:37:22 | INFO     | hl_arb |   Pairs   : [('ETH', 'ETH'), ('BTC', 'BTC'), ('SOL', 'SOL'), ('HYPE', 'HYPE')]
2026-09-15T23:37:22 | INFO     | hl_arb | ============================================================
2026-09-15T23:37:22 | INFO     | hl_arb | Loaded 234 asset indices
2026-09-15T23:37:22 | INFO     | hl_arb | OrderManager ready
2026-09-15T23:37:22 | INFO     | hl_arb | Connecting to WebSocket: wss://api.hyperliquid.xyz/ws
2026-09-15T23:37:22 | INFO     | hl_arb | PerpSpotArbStrategy starting
2026-09-15T23:38:13 | INFO     | hl_arb | 🤖 console encoding OK
2026-09-15T23:38:30 | INFO     | hl_arb | ============================================================
2026-09-15T23:38:30 | INFO     | hl_arb |   Hyperliquid Arb Bot starting
2026-09-15T23:38:30 | INFO     | hl_arb |   Wallet  : 0x69fA2304DD7EF1DAb42F15A5f0f0C8720d0C3Fc6
2026-09-15T23:38:30 | INFO     | hl_arb |   API URL : https://api.hyperliquid.xyz
2026-09-15T23:38:30 | INFO     | hl_arb |   Pairs   : [('ETH', 'ETH'), ('BTC', 'BTC'), ('SOL', 'SOL'), ('HYPE', 'HYPE')]
2026-09-15T23:38:30 | INFO     | hl_arb | ============================================================
2026-09-15T23:38:30 | INFO     | hl_arb | 🤖 Hyperliquid Arb Bot started
2026-09-15T23:38:30 | INFO     | hl_arb | Loaded 234 asset indices
2026-09-15T23:38:30 | INFO     | hl_arb | OrderManager ready
2026-09-15T23:38:30 | INFO     | hl_arb | Connecting to WebSocket: wss://api.hyperliquid.xyz/ws
2026-09-15T23:38:30 | INFO     | hl_arb | PerpSpotArbStrategy starting
2026-09-15T23:38:30 | INFO     | hl_arb | WebSocket connected
2026-09-15T23:38:30 | WARNING  | hl_arb | WebSocket closed: no close frame received or sent. Reconnecting in 1s…
2026-09-15T23:38:31 | INFO     | hl_arb | Connecting to WebSocket: wss://api.hyperliquid.xyz/ws
2026-09-15T23:38:32 | INFO     | hl_arb | WebSocket connected
2026-09-15T23:38:32 | WARNING  | hl_arb | WebSocket closed: no close frame received or sent. Reconnecting in 1s…
2026-09-15T23:38:33 | INFO     | hl_arb | Connecting to WebSocket: wss://api.hyperliquid.xyz/ws
2026-09-15T23:38:33 | INFO     | hl_arb | WebSocket connected
2026-09-15T23:38:33 | WARNING  | hl_arb | WebSocket closed: no close frame received or sent. Reconnecting in 1s…
2026-09-15T23:38:34 | INFO     | hl_arb | Connecting to WebSocket: wss://api.hyperliquid.xyz/ws
2026-09-15T23:38:35 | INFO     | hl_arb | WebSocket connected
2026-09-15T23:38:35 | WARNING  | hl_arb | WebSocket closed: no close frame received or sent. Reconnecting in 1s…
2026-09-15T23:38:36 | INFO     | hl_arb | Connecting to WebSocket: wss://api.hyperliquid.xyz/ws
2026-09-15T23:38:36 | INFO     | hl_arb | WebSocket connected
2026-09-15T23:38:36 | WARNING  | hl_arb | WebSocket closed: no close frame received or sent. Reconnecting in 1s…
2026-09-15T23:38:37 | INFO     | hl_arb | Connecting to WebSocket: wss://api.hyperliquid.xyz/ws
2026-09-15T23:38:37 | INFO     | hl_arb | WebSocket connected
2026-09-15T23:38:38 | WARNING  | hl_arb | WebSocket closed: no close frame received or sent. Reconnecting in 1s…
2026-09-15T23:38:39 | INFO     | hl_arb | Connecting to WebSocket: wss://api.hyperliquid.xyz/ws
2026-09-15T23:38:39 | INFO     | hl_arb | WebSocket connected
2026-09-15T23:38:39 | WARNING  | hl_arb | WebSocket closed: no close frame received or sent. Reconnecting in 1s…
2026-09-15T23:38:40 | INFO     | hl_arb | Connecting to WebSocket: wss://api.hyperliquid.xyz/ws
2026-09-15T23:38:40 | INFO     | hl_arb | WebSocket connected
2026-09-15T23:38:41 | WARNING  | hl_arb | WebSocket closed: no close frame received or sent. Reconnecting in 1s…
2026-09-15T23:38:42 | INFO     | hl_arb | Connecting to WebSocket: wss://api.hyperliquid.xyz/ws
2026-09-15T23:38:42 | INFO     | hl_arb | WebSocket connected
2026-09-15T23:38:42 | WARNING  | hl_arb | WebSocket closed: no close frame received or sent. Reconnecting in 1s…
2026-09-15T23:38:43 | INFO     | hl_arb | Connecting to WebSocket: wss://api.hyperliquid.xyz/ws
2026-09-15T23:38:43 | INFO     | hl_arb | WebSocket connected
2026-09-15T23:38:43 | WARNING  | hl_arb | WebSocket closed: no close frame received or sent. Reconnecting in 1s…
2026-09-15T23:38:44 | INFO     | hl_arb | Connecting to WebSocket: wss://api.hyperliquid.xyz/ws
2026-09-15T23:38:45 | INFO     | hl_arb | WebSocket connected
2026-09-15T23:38:45 | WARNING  | hl_arb | WebSocket closed: no close frame received or sent. Reconnecting in 1s…
2026-09-15T23:38:46 | INFO     | hl_arb | Connecting to WebSocket: wss://api.hyperliquid.xyz/ws
2026-09-15T23:38:46 | INFO     | hl_arb | WebSocket connected
2026-09-15T23:38:46 | WARNING  | hl_arb | WebSocket closed: no close frame received or sent. Reconnecting in 1s…
2026-09-15T23:38:47 | INFO     | hl_arb | Connecting to WebSocket: wss://api.hyperliquid.xyz/ws
2026-09-15T23:38:48 | INFO     | hl_arb | WebSocket connected
2026-09-15T23:38:48 | WARNING  | hl_arb | WebSocket closed: no close frame received or sent. Reconnecting in 1s…
2026-09-15T23:38:49 | INFO     | hl_arb | Connecting to WebSocket: wss://api.hyperliquid.xyz/ws
2026-09-15T23:38:49 | INFO     | hl_arb | WebSocket connected
2026-09-15T23:38:49 | WARNING  | hl_arb | WebSocket closed: no close frame received or sent. Reconnecting in 1s…
2026-09-15T23:38:50 | INFO     | hl_arb | Connecting to WebSocket: wss://api.hyperliquid.xyz/ws
2026-09-15T23:38:51 | INFO     | hl_arb | WebSocket connected
2026-09-15T23:38:51 | WARNING  | hl_arb | WebSocket closed: no close frame received or sent. Reconnecting in 1s…
2026-09-15T23:38:52 | INFO     | hl_arb | Connecting to WebSocket: wss://api.hyperliquid.xyz/ws
2026-09-15T23:38:52 | INFO     | hl_arb | WebSocket connected
2026-09-15T23:38:52 | WARNING  | hl_arb | WebSocket closed: no close frame received or sent. Reconnecting in 1s…
2026-09-15T23:38:53 | INFO     | hl_arb | Connecting to WebSocket: wss://api.hyperliquid.xyz/ws
2026-09-15T23:38:53 | INFO     | hl_arb | WebSocket connected
2026-09-15T23:38:54 | WARNING  | hl_arb | WebSocket closed: no close frame received or sent. Reconnecting in 1s…
2026-09-15T23:38:55 | INFO     | hl_arb | Connecting to WebSocket: wss://api.hyperliquid.xyz/ws
2026-09-15T23:38:55 | INFO     | hl_arb | WebSocket connected
2026-09-15T23:38:55 | WARNING  | hl_arb | WebSocket closed: no close frame received or sent. Reconnecting in 1s…
2026-09-15T23:38:56 | INFO     | hl_arb | Connecting to WebSocket: wss://api.hyperliquid.xyz/ws
2026-09-15T23:38:56 | INFO     | hl_arb | WebSocket connected
2026-09-15T23:38:56 | INFO     | hl_arb | Received SIGINT — shutting down…
2026-09-15T23:38:56 | INFO     | hl_arb | Stopping strategy and feed…
2026-09-15T23:38:56 | INFO     | hl_arb | PerpSpotArbStrategy stopping
2026-09-15T23:38:56 | INFO     | hl_arb | 🛑 Hyperliquid Arb Bot stopped
2026-09-15T23:38:56 | INFO     | hl_arb | Shutdown complete
2026-09-15T23:42:06 | INFO     | hl_arb | ============================================================
2026-09-15T23:42:06 | INFO     | hl_arb |   Hyperliquid Arb Bot starting
2026-09-15T23:42:06 | INFO     | hl_arb |   Wallet  : 0x69fA2304DD7EF1DAb42F15A5f0f0C8720d0C3Fc6
2026-09-15T23:42:06 | INFO     | hl_arb |   API URL : https://api.hyperliquid.xyz
2026-09-15T23:42:06 | INFO     | hl_arb |   Pairs   : [('ETH', 'ETH'), ('BTC', 'BTC'), ('SOL', 'SOL'), ('HYPE', 'HYPE')]
2026-09-15T23:42:06 | INFO     | hl_arb | ============================================================
2026-09-15T23:42:06 | INFO     | hl_arb | 🤖 Hyperliquid Arb Bot started
2026-09-15T23:42:06 | INFO     | hl_arb | Loaded 234 asset indices
2026-09-15T23:42:06 | INFO     | hl_arb | OrderManager ready
2026-09-15T23:42:06 | INFO     | hl_arb | Connecting to WebSocket: wss://api.hyperliquid.xyz/ws
2026-09-15T23:42:06 | INFO     | hl_arb | PerpSpotArbStrategy starting
2026-09-15T23:42:07 | INFO     | hl_arb | WebSocket connected
2026-09-15T23:42:07 | WARNING  | hl_arb | WebSocket closed: no close frame received or sent. Reconnecting in 1s…
2026-09-15T23:42:08 | INFO     | hl_arb | Connecting to WebSocket: wss://api.hyperliquid.xyz/ws
2026-09-15T23:42:08 | INFO     | hl_arb | WebSocket connected
2026-09-15T23:42:08 | WARNING  | hl_arb | WebSocket closed: no close frame received or sent. Reconnecting in 1s…
2026-09-15T23:42:09 | INFO     | hl_arb | Connecting to WebSocket: wss://api.hyperliquid.xyz/ws
2026-09-15T23:42:10 | INFO     | hl_arb | WebSocket connected
2026-09-15T23:42:10 | WARNING  | hl_arb | WebSocket closed: no close frame received or sent. Reconnecting in 1s…
2026-09-15T23:42:11 | INFO     | hl_arb | Connecting to WebSocket: wss://api.hyperliquid.xyz/ws
2026-09-15T23:42:11 | INFO     | hl_arb | WebSocket connected
2026-09-15T23:42:12 | WARNING  | hl_arb | WebSocket closed: no close frame received or sent. Reconnecting in 1s…
2026-09-15T23:42:13 | INFO     | hl_arb | Connecting to WebSocket: wss://api.hyperliquid.xyz/ws
2026-09-15T23:42:13 | INFO     | hl_arb | WebSocket connected
2026-09-15T23:42:13 | WARNING  | hl_arb | WebSocket closed: no close frame received or sent. Reconnecting in 1s…
2026-09-15T23:42:14 | INFO     | hl_arb | Connecting to WebSocket: wss://api.hyperliquid.xyz/ws
2026-09-15T23:42:14 | INFO     | hl_arb | WebSocket connected
2026-09-15T23:42:14 | WARNING  | hl_arb | WebSocket closed: no close frame received or sent. Reconnecting in 1s…
2026-09-15T23:42:15 | INFO     | hl_arb | Connecting to WebSocket: wss://api.hyperliquid.xyz/ws
2026-09-15T23:42:16 | INFO     | hl_arb | WebSocket connected
2026-09-15T23:42:16 | WARNING  | hl_arb | WebSocket closed: no close frame received or sent. Reconnecting in 1s…
2026-09-15T23:42:17 | INFO     | hl_arb | Connecting to WebSocket: wss://api.hyperliquid.xyz/ws
2026-09-15T23:42:17 | INFO     | hl_arb | WebSocket connected
2026-09-15T23:42:17 | WARNING  | hl_arb | WebSocket closed: no close frame received or sent. Reconnecting in 1s…
2026-09-15T23:42:18 | INFO     | hl_arb | Connecting to WebSocket: wss://api.hyperliquid.xyz/ws
2026-09-15T23:42:19 | INFO     | hl_arb | WebSocket connected
2026-09-15T23:42:19 | WARNING  | hl_arb | WebSocket closed: no close frame received or sent. Reconnecting in 1s…
2026-09-15T23:42:20 | INFO     | hl_arb | Connecting to WebSocket: wss://api.hyperliquid.xyz/ws
2026-09-15T23:42:20 | INFO     | hl_arb | WebSocket connected
2026-09-15T23:42:21 | WARNING  | hl_arb | WebSocket closed: no close frame received or sent. Reconnecting in 1s…
2026-09-15T23:42:22 | INFO     | hl_arb | Connecting to WebSocket: wss://api.hyperliquid.xyz/ws
2026-09-15T23:42:22 | INFO     | hl_arb | WebSocket connected
2026-09-15T23:42:22 | WARNING  | hl_arb | WebSocket closed: no close frame received or sent. Reconnecting in 1s…
2026-09-15T23:42:23 | INFO     | hl_arb | Connecting to WebSocket: wss://api.hyperliquid.xyz/ws
2026-09-15T23:42:23 | INFO     | hl_arb | WebSocket connected
2026-09-15T23:42:24 | INFO     | hl_arb | Received SIGINT — shutting down…
2026-09-15T23:42:24 | INFO     | hl_arb | Stopping strategy and feed…
2026-09-15T23:42:24 | INFO     | hl_arb | PerpSpotArbStrategy stopping
2026-09-15T23:42:24 | INFO     | hl_arb | 🛑 Hyperliquid Arb Bot stopped
2026-09-15T23:42:24 | INFO     | hl_arb | Shutdown complete
2026-09-15T23:43:35 | INFO     | hl_arb | ============================================================
2026-09-15T23:43:35 | INFO     | hl_arb |   Hyperliquid Arb Bot starting
2026-09-15T23:43:35 | INFO     | hl_arb |   Wallet  : 0x69fA2304DD7EF1DAb42F15A5f0f0C8720d0C3Fc6
2026-09-15T23:43:35 | INFO     | hl_arb |   API URL : https://api.hyperliquid.xyz
2026-09-15T23:43:35 | INFO     | hl_arb |   Pairs   : [('ETH', 'ETH'), ('BTC', 'BTC'), ('SOL', 'SOL'), ('HYPE', 'HYPE')]
2026-09-15T23:43:35 | INFO     | hl_arb | ============================================================
2026-09-15T23:43:35 | INFO     | hl_arb | 🤖 Hyperliquid Arb Bot started
2026-09-15T23:43:36 | INFO     | hl_arb | Loaded 234 asset indices
2026-09-15T23:43:36 | INFO     | hl_arb | OrderManager ready
2026-09-15T23:43:36 | INFO     | hl_arb | Connecting to WebSocket: wss://api.hyperliquid.xyz/ws
2026-09-15T23:43:36 | INFO     | hl_arb | PerpSpotArbStrategy starting
2026-09-15T23:43:36 | INFO     | hl_arb | WebSocket connected
2026-09-15T23:43:36 | WARNING  | hl_arb | WebSocket closed: no close frame received or sent. Reconnecting in 1s…
2026-09-15T23:43:37 | INFO     | hl_arb | Connecting to WebSocket: wss://api.hyperliquid.xyz/ws
2026-09-15T23:43:37 | INFO     | hl_arb | WebSocket connected
2026-09-15T23:43:37 | WARNING  | hl_arb | WebSocket closed: no close frame received or sent. Reconnecting in 1s…
2026-09-15T23:43:38 | INFO     | hl_arb | Connecting to WebSocket: wss://api.hyperliquid.xyz/ws
2026-09-15T23:43:39 | INFO     | hl_arb | WebSocket connected
2026-09-15T23:43:39 | WARNING  | hl_arb | WebSocket closed: no close frame received or sent. Reconnecting in 1s…
2026-09-15T23:43:40 | INFO     | hl_arb | Connecting to WebSocket: wss://api.hyperliquid.xyz/ws
2026-09-15T23:43:40 | INFO     | hl_arb | WebSocket connected
2026-09-15T23:43:41 | WARNING  | hl_arb | WebSocket closed: no close frame received or sent. Reconnecting in 1s…
2026-09-15T23:43:42 | INFO     | hl_arb | Connecting to WebSocket: wss://api.hyperliquid.xyz/ws
2026-09-15T23:43:42 | INFO     | hl_arb | WebSocket connected
2026-09-15T23:43:42 | WARNING  | hl_arb | WebSocket closed: no close frame received or sent. Reconnecting in 1s…
2026-09-15T23:43:43 | INFO     | hl_arb | Connecting to WebSocket: wss://api.hyperliquid.xyz/ws
2026-09-15T23:43:43 | INFO     | hl_arb | WebSocket connected
2026-09-15T23:43:44 | WARNING  | hl_arb | WebSocket closed: no close frame received or sent. Reconnecting in 1s…
2026-09-15T23:43:45 | INFO     | hl_arb | Connecting to WebSocket: wss://api.hyperliquid.xyz/ws
2026-09-15T23:43:45 | INFO     | hl_arb | WebSocket connected
2026-09-15T23:43:45 | WARNING  | hl_arb | WebSocket closed: no close frame received or sent. Reconnecting in 1s…
2026-09-15T23:43:46 | INFO     | hl_arb | Connecting to WebSocket: wss://api.hyperliquid.xyz/ws
2026-09-15T23:43:46 | INFO     | hl_arb | WebSocket connected
2026-09-15T23:43:46 | WARNING  | hl_arb | WebSocket closed: no close frame received or sent. Reconnecting in 1s…
2026-09-15T23:43:47 | INFO     | hl_arb | Connecting to WebSocket: wss://api.hyperliquid.xyz/ws
2026-09-15T23:43:48 | INFO     | hl_arb | WebSocket connected
2026-09-15T23:43:48 | WARNING  | hl_arb | WebSocket closed: no close frame received or sent. Reconnecting in 1s…
2026-09-15T23:43:49 | INFO     | hl_arb | Connecting to WebSocket: wss://api.hyperliquid.xyz/ws
2026-09-15T23:43:49 | INFO     | hl_arb | WebSocket connected
2026-09-15T23:43:50 | WARNING  | hl_arb | WebSocket closed: no close frame received or sent. Reconnecting in 1s…
2026-09-15T23:43:51 | INFO     | hl_arb | Connecting to WebSocket: wss://api.hyperliquid.xyz/ws
2026-09-15T23:43:51 | INFO     | hl_arb | WebSocket connected
2026-09-15T23:43:51 | WARNING  | hl_arb | WebSocket closed: no close frame received or sent. Reconnecting in 1s…
2026-09-15T23:43:52 | INFO     | hl_arb | Connecting to WebSocket: wss://api.hyperliquid.xyz/ws
2026-09-15T23:43:52 | INFO     | hl_arb | WebSocket connected
2026-09-15T23:43:53 | WARNING  | hl_arb | WebSocket closed: no close frame received or sent. Reconnecting in 1s…
2026-09-15T23:43:54 | INFO     | hl_arb | Connecting to WebSocket: wss://api.hyperliquid.xyz/ws
2026-09-15T23:43:54 | INFO     | hl_arb | WebSocket connected
2026-09-15T23:43:54 | WARNING  | hl_arb | WebSocket closed: no close frame received or sent. Reconnecting in 1s…
2026-09-15T23:43:55 | INFO     | hl_arb | Connecting to WebSocket: wss://api.hyperliquid.xyz/ws
2026-09-15T23:43:55 | INFO     | hl_arb | WebSocket connected
2026-09-15T23:43:55 | WARNING  | hl_arb | WebSocket closed: no close frame received or sent. Reconnecting in 1s…
2026-09-15T23:43:56 | INFO     | hl_arb | Connecting to WebSocket: wss://api.hyperliquid.xyz/ws
2026-09-15T23:43:57 | INFO     | hl_arb | WebSocket connected
2026-09-15T23:43:57 | WARNING  | hl_arb | WebSocket closed: no close frame received or sent. Reconnecting in 1s…
2026-09-15T23:43:58 | INFO     | hl_arb | Connecting to WebSocket: wss://api.hyperliquid.xyz/ws
2026-09-15T23:43:58 | INFO     | hl_arb | WebSocket connected
2026-09-15T23:43:58 | WARNING  | hl_arb | WebSocket closed: no close frame received or sent. Reconnecting in 1s…
2026-09-15T23:43:59 | INFO     | hl_arb | Connecting to WebSocket: wss://api.hyperliquid.xyz/ws
2026-09-15T23:44:00 | INFO     | hl_arb | WebSocket connected
2026-09-15T23:44:00 | WARNING  | hl_arb | WebSocket closed: no close frame received or sent. Reconnecting in 1s…
2026-09-15T23:44:01 | INFO     | hl_arb | Connecting to WebSocket: wss://api.hyperliquid.xyz/ws
2026-09-15T23:44:01 | INFO     | hl_arb | WebSocket connected
2026-09-15T23:44:01 | WARNING  | hl_arb | WebSocket closed: no close frame received or sent. Reconnecting in 1s…
2026-09-15T23:44:03 | INFO     | hl_arb | Connecting to WebSocket: wss://api.hyperliquid.xyz/ws
2026-09-15T23:44:03 | INFO     | hl_arb | WebSocket connected
2026-09-15T23:44:03 | WARNING  | hl_arb | WebSocket closed: no close frame received or sent. Reconnecting in 1s…
2026-09-15T23:44:04 | INFO     | hl_arb | Connecting to WebSocket: wss://api.hyperliquid.xyz/ws
2026-09-15T23:44:04 | INFO     | hl_arb | WebSocket connected
2026-09-15T23:44:05 | WARNING  | hl_arb | WebSocket closed: no close frame received or sent. Reconnecting in 1s…
2026-09-15T23:44:06 | INFO     | hl_arb | Connecting to WebSocket: wss://api.hyperliquid.xyz/ws
2026-09-15T23:44:06 | INFO     | hl_arb | WebSocket connected
2026-09-15T23:44:06 | WARNING  | hl_arb | WebSocket closed: no close frame received or sent. Reconnecting in 1s…
2026-09-15T23:44:07 | INFO     | hl_arb | Connecting to WebSocket: wss://api.hyperliquid.xyz/ws
2026-09-15T23:44:07 | INFO     | hl_arb | WebSocket connected
2026-09-15T23:44:08 | WARNING  | hl_arb | WebSocket closed: no close frame received or sent. Reconnecting in 1s…
2026-09-15T23:44:09 | INFO     | hl_arb | Connecting to WebSocket: wss://api.hyperliquid.xyz/ws
2026-09-15T23:44:09 | INFO     | hl_arb | WebSocket connected
2026-09-15T23:44:09 | WARNING  | hl_arb | WebSocket closed: no close frame received or sent. Reconnecting in 1s…
2026-09-15T23:44:10 | INFO     | hl_arb | Connecting to WebSocket: wss://api.hyperliquid.xyz/ws
2026-09-15T23:44:10 | INFO     | hl_arb | WebSocket connected
2026-09-15T23:44:11 | WARNING  | hl_arb | WebSocket closed: no close frame received or sent. Reconnecting in 1s…
2026-09-15T23:44:12 | INFO     | hl_arb | Connecting to WebSocket: wss://api.hyperliquid.xyz/ws
2026-09-15T23:44:12 | INFO     | hl_arb | WebSocket connected
2026-09-15T23:44:12 | WARNING  | hl_arb | WebSocket closed: no close frame received or sent. Reconnecting in 1s…
2026-09-15T23:44:13 | INFO     | hl_arb | Connecting to WebSocket: wss://api.hyperliquid.xyz/ws
2026-09-15T23:44:13 | INFO     | hl_arb | WebSocket connected
2026-09-15T23:44:14 | WARNING  | hl_arb | WebSocket closed: no close frame received or sent. Reconnecting in 1s…
2026-09-15T23:44:15 | INFO     | hl_arb | Connecting to WebSocket: wss://api.hyperliquid.xyz/ws
2026-09-15T23:44:15 | INFO     | hl_arb | WebSocket connected
2026-09-15T23:44:15 | WARNING  | hl_arb | WebSocket closed: no close frame received or sent. Reconnecting in 1s…
2026-09-15T23:44:16 | INFO     | hl_arb | Connecting to WebSocket: wss://api.hyperliquid.xyz/ws
2026-09-15T23:44:17 | INFO     | hl_arb | WebSocket connected
2026-09-15T23:44:17 | WARNING  | hl_arb | WebSocket closed: no close frame received or sent. Reconnecting in 1s…
2026-09-15T23:44:18 | INFO     | hl_arb | Connecting to WebSocket: wss://api.hyperliquid.xyz/ws
2026-09-15T23:44:18 | INFO     | hl_arb | WebSocket connected
2026-09-15T23:44:19 | WARNING  | hl_arb | WebSocket closed: no close frame received or sent. Reconnecting in 1s…
2026-09-15T23:44:20 | INFO     | hl_arb | Connecting to WebSocket: wss://api.hyperliquid.xyz/ws
2026-09-15T23:44:20 | INFO     | hl_arb | WebSocket connected
2026-09-15T23:44:20 | WARNING  | hl_arb | WebSocket closed: no close frame received or sent. Reconnecting in 1s…
2026-09-15T23:44:21 | INFO     | hl_arb | Received SIGINT — shutting down…
2026-09-15T23:44:21 | INFO     | hl_arb | Stopping strategy and feed…
2026-09-15T23:44:21 | INFO     | hl_arb | PerpSpotArbStrategy stopping
2026-09-15T23:44:21 | INFO     | hl_arb | 🛑 Hyperliquid Arb Bot stopped
2026-09-15T23:44:21 | INFO     | hl_arb | Shutdown complete
2026-09-15T23:47:31 | INFO     | hl_arb | ============================================================
2026-09-15T23:47:31 | INFO     | hl_arb |   Hyperliquid Arb Bot starting
2026-09-15T23:47:31 | INFO     | hl_arb |   Wallet  : 0x69fA2304DD7EF1DAb42F15A5f0f0C8720d0C3Fc6
2026-09-15T23:47:31 | INFO     | hl_arb |   API URL : https://api.hyperliquid.xyz
2026-09-15T23:47:31 | INFO     | hl_arb |   Pairs   : [('ETH', 'ETH'), ('BTC', 'BTC'), ('SOL', 'SOL'), ('HYPE', 'HYPE')]
2026-09-15T23:47:31 | INFO     | hl_arb | ============================================================
2026-09-15T23:47:31 | INFO     | hl_arb | 🤖 Hyperliquid Arb Bot started
2026-09-15T23:47:31 | INFO     | hl_arb | Loaded 234 asset indices
2026-09-15T23:47:31 | INFO     | hl_arb | OrderManager ready
2026-09-15T23:47:31 | INFO     | hl_arb | Connecting to WebSocket: wss://api.hyperliquid.xyz/ws
2026-09-15T23:47:32 | INFO     | hl_arb | PerpSpotArbStrategy starting
2026-09-15T23:47:32 | INFO     | hl_arb | WebSocket connected
2026-09-15T23:49:00 | INFO     | hl_arb | Received SIGINT — shutting down…
2026-09-15T23:49:00 | INFO     | hl_arb | Stopping strategy and feed…
2026-09-15T23:49:00 | INFO     | hl_arb | PerpSpotArbStrategy stopping
2026-09-15T23:49:01 | INFO     | hl_arb | 🛑 Hyperliquid Arb Bot stopped
2026-09-15T23:49:01 | INFO     | hl_arb | Shutdown complete
2026-09-15T23:49:08 | INFO     | hl_arb | ============================================================
2026-09-15T23:49:08 | INFO     | hl_arb |   Hyperliquid Arb Bot starting
2026-09-15T23:49:08 | INFO     | hl_arb |   Wallet  : 0x69fA2304DD7EF1DAb42F15A5f0f0C8720d0C3Fc6
2026-09-15T23:49:08 | INFO     | hl_arb |   API URL : https://api.hyperliquid.xyz
2026-09-15T23:49:08 | INFO     | hl_arb |   Pairs   : [('ETH', 'ETH'), ('BTC', 'BTC'), ('SOL', 'SOL'), ('HYPE', 'HYPE')]
2026-09-15T23:49:08 | INFO     | hl_arb | ============================================================
2026-09-15T23:49:08 | INFO     | hl_arb | 🤖 Hyperliquid Arb Bot started
2026-09-15T23:49:08 | INFO     | hl_arb | Loaded 234 asset indices
2026-09-15T23:49:08 | INFO     | hl_arb | OrderManager ready
2026-09-15T23:49:08 | INFO     | hl_arb | Connecting to WebSocket: wss://api.hyperliquid.xyz/ws
2026-09-15T23:49:08 | INFO     | hl_arb | PerpSpotArbStrategy starting
2026-09-15T23:49:08 | INFO     | hl_arb | WebSocket connected
2026-09-15T23:49:13 | WARNING  | hl_arb | Risk check failed for ETH perp: Order notional $2000 exceeds limit $2000
2026-09-15T23:49:13 | WARNING  | hl_arb | Risk check failed for HYPE perp: Order notional $2000 exceeds limit $2000
2026-09-15T23:50:17 | INFO     | hl_arb | ============================================================
2026-09-15T23:50:17 | INFO     | hl_arb |   Hyperliquid Arb Bot starting
2026-09-15T23:50:17 | INFO     | hl_arb |   Wallet  : 0x69fA2304DD7EF1DAb42F15A5f0f0C8720d0C3Fc6
2026-09-15T23:50:17 | INFO     | hl_arb |   API URL : https://api.hyperliquid.xyz
2026-09-15T23:50:17 | INFO     | hl_arb |   Pairs   : [('ETH', 'ETH'), ('BTC', 'BTC'), ('SOL', 'SOL'), ('HYPE', 'HYPE')]
2026-09-15T23:50:17 | INFO     | hl_arb | ============================================================
2026-09-15T23:50:17 | INFO     | hl_arb | 🤖 Hyperliquid Arb Bot started
2026-09-15T23:50:18 | INFO     | hl_arb | Loaded 234 asset indices
2026-09-15T23:50:18 | INFO     | hl_arb | OrderManager ready
2026-09-15T23:50:18 | INFO     | hl_arb | Connecting to WebSocket: wss://api.hyperliquid.xyz/ws
2026-09-15T23:50:18 | INFO     | hl_arb | PerpSpotArbStrategy starting
2026-09-15T23:50:18 | INFO     | hl_arb | WebSocket connected
2026-09-15T23:52:33 | INFO     | hl_arb | Received SIGINT — shutting down…
2026-09-15T23:52:33 | INFO     | hl_arb | Stopping strategy and feed…
2026-09-15T23:52:33 | INFO     | hl_arb | PerpSpotArbStrategy stopping
2026-09-15T23:52:33 | INFO     | hl_arb | 🛑 Hyperliquid Arb Bot stopped
2026-09-15T23:52:33 | INFO     | hl_arb | Shutdown complete
2026-09-15T23:55:27 | INFO     | hl_arb | ============================================================
2026-09-15T23:55:27 | INFO     | hl_arb |   Hyperliquid Arb Bot starting
2026-09-15T23:55:27 | INFO     | hl_arb |   Wallet  : 0x69fA2304DD7EF1DAb42F15A5f0f0C8720d0C3Fc6
2026-09-15T23:55:27 | INFO     | hl_arb |   API URL : https://api.hyperliquid.xyz
2026-09-15T23:55:27 | INFO     | hl_arb |   Pairs   : [('ETH', 'ETH'), ('BTC', 'BTC'), ('SOL', 'SOL'), ('HYPE', 'HYPE')]
2026-09-15T23:55:27 | INFO     | hl_arb | ============================================================
2026-09-15T23:55:27 | INFO     | hl_arb | 🤖 Hyperliquid Arb Bot started
2026-09-15T23:55:27 | INFO     | hl_arb | Loaded 234 asset indices
2026-09-15T23:55:27 | INFO     | hl_arb | OrderManager ready
2026-09-15T23:55:27 | INFO     | hl_arb | Connecting to WebSocket: wss://api.hyperliquid.xyz/ws
2026-09-15T23:55:27 | INFO     | hl_arb | PerpSpotArbStrategy starting
2026-09-15T23:55:28 | INFO     | hl_arb | WebSocket connected
2026-09-15T23:55:35 | INFO     | hl_arb | Received SIGINT — shutting down…
2026-09-15T23:55:35 | INFO     | hl_arb | Stopping strategy and feed…
2026-09-15T23:55:35 | INFO     | hl_arb | PerpSpotArbStrategy stopping
2026-09-15T23:55:36 | INFO     | hl_arb | 🛑 Hyperliquid Arb Bot stopped
2026-09-15T23:55:36 | INFO     | hl_arb | Shutdown complete
2026-09-16T00:01:34 | INFO     | hl_arb | ============================================================
2026-09-16T00:01:34 | INFO     | hl_arb |   Hyperliquid Arb Bot starting
2026-09-16T00:01:34 | INFO     | hl_arb |   Wallet  : 0x69fA2304DD7EF1DAb42F15A5f0f0C8720d0C3Fc6
2026-09-16T00:01:34 | INFO     | hl_arb |   API URL : https://api.hyperliquid.xyz
2026-09-16T00:01:35 | INFO     | hl_arb |   Pairs   : [('ETH', 'ETH'), ('BTC', 'BTC'), ('SOL', 'SOL'), ('HYPE', 'HYPE')]
2026-09-16T00:01:35 | INFO     | hl_arb | ============================================================
2026-09-16T00:01:35 | INFO     | hl_arb | 🤖 Hyperliquid Arb Bot started
2026-09-16T00:01:35 | INFO     | hl_arb | Loaded 234 asset indices
2026-09-16T00:01:35 | INFO     | hl_arb | OrderManager ready
2026-09-16T00:01:35 | INFO     | hl_arb | Connecting to WebSocket: wss://api.hyperliquid.xyz/ws
2026-09-16T00:01:35 | INFO     | hl_arb | PerpSpotArbStrategy starting
2026-09-16T00:01:35 | INFO     | hl_arb | WebSocket connected
2026-09-16T00:02:59 | INFO     | hl_arb | Received SIGINT — shutting down…
2026-09-16T00:02:59 | INFO     | hl_arb | Stopping strategy and feed…
2026-09-16T00:02:59 | INFO     | hl_arb | PerpSpotArbStrategy stopping
2026-09-16T00:02:59 | INFO     | hl_arb | 🛑 Hyperliquid Arb Bot stopped
2026-09-16T00:02:59 | INFO     | hl_arb | Shutdown complete
2026-09-16T00:03:04 | INFO     | hl_arb | ============================================================
2026-09-16T00:03:04 | INFO     | hl_arb |   Hyperliquid Arb Bot starting
2026-09-16T00:03:04 | INFO     | hl_arb |   Wallet  : 0x69fA2304DD7EF1DAb42F15A5f0f0C8720d0C3Fc6
2026-09-16T00:03:04 | INFO     | hl_arb |   API URL : https://api.hyperliquid.xyz
2026-09-16T00:03:04 | INFO     | hl_arb |   Pairs   : [('ETH', 'ETH'), ('BTC', 'BTC'), ('SOL', 'SOL'), ('HYPE', 'HYPE')]
2026-09-16T00:03:04 | INFO     | hl_arb | ============================================================
2026-09-16T00:03:04 | INFO     | hl_arb | 🤖 Hyperliquid Arb Bot started
2026-09-16T00:03:05 | INFO     | hl_arb | Loaded 234 asset indices
2026-09-16T00:03:05 | INFO     | hl_arb | OrderManager ready
2026-09-16T00:03:05 | INFO     | hl_arb | Connecting to WebSocket: wss://api.hyperliquid.xyz/ws
2026-09-16T00:03:05 | INFO     | hl_arb | PerpSpotArbStrategy starting
2026-09-16T00:03:05 | INFO     | hl_arb | WebSocket connected
2026-09-16T00:03:43 | INFO     | hl_arb | Received SIGINT — shutting down…
2026-09-16T00:03:43 | INFO     | hl_arb | Stopping strategy and feed…
2026-09-16T00:03:43 | INFO     | hl_arb | PerpSpotArbStrategy stopping
2026-09-16T00:03:44 | INFO     | hl_arb | 🛑 Hyperliquid Arb Bot stopped
2026-09-16T00:03:44 | INFO     | hl_arb | Shutdown complete
2026-09-16T00:03:52 | INFO     | hl_arb | ============================================================
2026-09-16T00:03:52 | INFO     | hl_arb |   Hyperliquid Arb Bot starting
2026-09-16T00:03:52 | INFO     | hl_arb |   Wallet  : 0x69fA2304DD7EF1DAb42F15A5f0f0C8720d0C3Fc6
2026-09-16T00:03:52 | INFO     | hl_arb |   API URL : https://api.hyperliquid.xyz
2026-09-16T00:03:52 | INFO     | hl_arb |   Pairs   : [('ETH', 'ETH'), ('BTC', 'BTC'), ('SOL', 'SOL')]
2026-09-16T00:03:52 | INFO     | hl_arb | ============================================================
2026-09-16T00:03:52 | INFO     | hl_arb | 🤖 Hyperliquid Arb Bot started
2026-09-16T00:03:52 | INFO     | hl_arb | Loaded 234 asset indices
2026-09-16T00:03:52 | INFO     | hl_arb | OrderManager ready
2026-09-16T00:03:52 | INFO     | hl_arb | Connecting to WebSocket: wss://api.hyperliquid.xyz/ws
2026-09-16T00:03:52 | INFO     | hl_arb | PerpSpotArbStrategy starting
2026-09-16T00:03:52 | INFO     | hl_arb | WebSocket connected
2026-09-16T00:11:41 | INFO     | hl_arb | Received SIGINT — shutting down…
2026-09-16T00:11:41 | INFO     | hl_arb | Stopping strategy and feed…
2026-09-16T00:11:41 | INFO     | hl_arb | PerpSpotArbStrategy stopping
2026-09-16T00:11:41 | INFO     | hl_arb | 🛑 Hyperliquid Arb Bot stopped
2026-09-16T00:11:41 | INFO     | hl_arb | Shutdown complete
2026-09-16T00:11:48 | INFO     | hl_arb | ============================================================
2026-09-16T00:11:48 | INFO     | hl_arb |   Hyperliquid Arb Bot starting
2026-09-16T00:11:48 | INFO     | hl_arb |   Wallet  : 0x69fA2304DD7EF1DAb42F15A5f0f0C8720d0C3Fc6
2026-09-16T00:11:48 | INFO     | hl_arb |   API URL : https://api.hyperliquid.xyz
2026-09-16T00:11:48 | INFO     | hl_arb |   Pairs   : [('ETH', 'ETH'), ('BTC', 'BTC'), ('SOL', 'SOL')]
2026-09-16T00:11:48 | INFO     | hl_arb | ============================================================
2026-09-16T00:11:48 | INFO     | hl_arb | 🤖 Hyperliquid Arb Bot started
2026-09-16T00:11:48 | INFO     | hl_arb | Loaded 234 asset indices
2026-09-16T00:11:48 | INFO     | hl_arb | OrderManager ready
2026-09-16T00:11:48 | INFO     | hl_arb | Connecting to WebSocket: wss://api.hyperliquid.xyz/ws
2026-09-16T00:11:48 | INFO     | hl_arb | PerpSpotArbStrategy starting
2026-09-16T00:11:49 | INFO     | hl_arb | WebSocket connected
2026-09-16T00:11:55 | WARNING  | hl_arb | Risk check failed for SOL perp: Order notional $500 exceeds limit $500
2026-09-16T00:11:56 | WARNING  | hl_arb | Risk check failed for SOL perp: Order notional $500 exceeds limit $500
2026-09-16T00:11:56 | WARNING  | hl_arb | Risk check failed for SOL perp: Order notional $500 exceeds limit $500
2026-09-16T00:11:56 | WARNING  | hl_arb | Risk check failed for SOL perp: Order notional $500 exceeds limit $500
2026-09-16T00:11:56 | WARNING  | hl_arb | Risk check failed for SOL perp: Order notional $500 exceeds limit $500
2026-09-16T00:11:56 | WARNING  | hl_arb | Risk check failed for SOL perp: Order notional $500 exceeds limit $500
2026-09-16T00:11:56 | WARNING  | hl_arb | Risk check failed for SOL perp: Order notional $500 exceeds limit $500
2026-09-16T00:11:56 | WARNING  | hl_arb | Risk check failed for SOL perp: Order notional $500 exceeds limit $500
2026-09-16T00:11:56 | WARNING  | hl_arb | Risk check failed for SOL perp: Order notional $500 exceeds limit $500
2026-09-16T00:11:56 | WARNING  | hl_arb | Risk check failed for SOL perp: Order notional $500 exceeds limit $500
2026-09-16T00:11:57 | WARNING  | hl_arb | Risk check failed for SOL perp: Order notional $500 exceeds limit $500
2026-09-16T00:11:57 | WARNING  | hl_arb | Risk check failed for SOL perp: Order notional $500 exceeds limit $500
2026-09-16T00:11:57 | WARNING  | hl_arb | Risk check failed for SOL perp: Order notional $500 exceeds limit $500
2026-09-16T00:11:57 | WARNING  | hl_arb | Risk check failed for SOL perp: Order notional $500 exceeds limit $500
2026-09-16T00:11:57 | WARNING  | hl_arb | Risk check failed for SOL perp: Order notional $500 exceeds limit $500
2026-09-16T00:11:57 | WARNING  | hl_arb | Risk check failed for SOL perp: Order notional $500 exceeds limit $500
2026-09-16T00:11:57 | WARNING  | hl_arb | Risk check failed for SOL perp: Order notional $500 exceeds limit $500
2026-09-16T00:11:57 | WARNING  | hl_arb | Risk check failed for SOL perp: Order notional $500 exceeds limit $500
2026-09-16T00:11:57 | WARNING  | hl_arb | Risk check failed for SOL perp: Order notional $500 exceeds limit $500
2026-09-16T00:11:58 | WARNING  | hl_arb | Risk check failed for SOL perp: Order notional $500 exceeds limit $500
2026-09-16T00:11:58 | WARNING  | hl_arb | Risk check failed for SOL perp: Order notional $500 exceeds limit $500
2026-09-16T00:11:58 | WARNING  | hl_arb | Risk check failed for SOL perp: Order notional $500 exceeds limit $500
2026-09-16T00:11:58 | WARNING  | hl_arb | Risk check failed for SOL perp: Order notional $500 exceeds limit $500
2026-09-16T00:11:58 | WARNING  | hl_arb | Risk check failed for SOL perp: Order notional $500 exceeds limit $500
2026-09-16T00:11:58 | WARNING  | hl_arb | Risk check failed for SOL perp: Order notional $500 exceeds limit $500
2026-09-16T00:11:58 | WARNING  | hl_arb | Risk check failed for SOL perp: Order notional $500 exceeds limit $500
2026-09-16T00:11:58 | WARNING  | hl_arb | Risk check failed for SOL perp: Order notional $500 exceeds limit $500
2026-09-16T00:11:58 | WARNING  | hl_arb | Risk check failed for SOL perp: Order notional $500 exceeds limit $500
2026-09-16T00:11:59 | WARNING  | hl_arb | Risk check failed for SOL perp: Order notional $500 exceeds limit $500
2026-09-16T00:11:59 | WARNING  | hl_arb | Risk check failed for SOL perp: Order notional $500 exceeds limit $500
2026-09-16T00:11:59 | WARNING  | hl_arb | Risk check failed for SOL perp: Order notional $500 exceeds limit $500
2026-09-16T00:11:59 | WARNING  | hl_arb | Risk check failed for SOL perp: Order notional $500 exceeds limit $500
2026-09-16T00:11:59 | WARNING  | hl_arb | Risk check failed for SOL perp: Order notional $500 exceeds limit $500
2026-09-16T00:11:59 | WARNING  | hl_arb | Risk check failed for SOL perp: Order notional $500 exceeds limit $500
2026-09-16T00:11:59 | WARNING  | hl_arb | Risk check failed for SOL perp: Order notional $500 exceeds limit $500
2026-09-16T00:11:59 | WARNING  | hl_arb | Risk check failed for SOL perp: Order notional $500 exceeds limit $500
2026-09-16T00:11:59 | WARNING  | hl_arb | Risk check failed for SOL perp: Order notional $500 exceeds limit $500
2026-09-16T00:12:00 | WARNING  | hl_arb | Risk check failed for SOL perp: Order notional $500 exceeds limit $500
2026-09-16T00:12:00 | WARNING  | hl_arb | Risk check failed for SOL perp: Order notional $500 exceeds limit $500
2026-09-16T00:12:00 | WARNING  | hl_arb | Risk check failed for SOL perp: Order notional $500 exceeds limit $500
2026-09-16T00:12:00 | WARNING  | hl_arb | Risk check failed for SOL perp: Order notional $500 exceeds limit $500
2026-09-16T00:12:00 | WARNING  | hl_arb | Risk check failed for SOL perp: Order notional $500 exceeds limit $500
2026-09-16T00:12:00 | WARNING  | hl_arb | Risk check failed for SOL perp: Order notional $500 exceeds limit $500
2026-09-16T00:12:00 | WARNING  | hl_arb | Risk check failed for SOL perp: Order notional $500 exceeds limit $500
2026-09-16T00:12:00 | WARNING  | hl_arb | Risk check failed for SOL perp: Order notional $500 exceeds limit $500
2026-09-16T00:12:00 | WARNING  | hl_arb | Risk check failed for SOL perp: Order notional $500 exceeds limit $500
2026-09-16T00:12:08 | INFO     | hl_arb | Received SIGINT — shutting down…
2026-09-16T00:12:08 | INFO     | hl_arb | Stopping strategy and feed…
2026-09-16T00:12:08 | INFO     | hl_arb | PerpSpotArbStrategy stopping
2026-09-16T00:12:08 | INFO     | hl_arb | 🛑 Hyperliquid Arb Bot stopped
2026-09-16T00:12:08 | INFO     | hl_arb | Shutdown complete
2026-09-16T00:14:17 | INFO     | hl_arb | ============================================================
2026-09-16T00:14:17 | INFO     | hl_arb |   Hyperliquid Arb Bot starting
2026-09-16T00:14:17 | INFO     | hl_arb |   Wallet  : 0x69fA2304DD7EF1DAb42F15A5f0f0C8720d0C3Fc6
2026-09-16T00:14:17 | INFO     | hl_arb |   API URL : https://api.hyperliquid.xyz
2026-09-16T00:14:17 | INFO     | hl_arb |   Pairs   : [('ETH', 'ETH'), ('BTC', 'BTC'), ('SOL', 'SOL')]
2026-09-16T00:14:17 | INFO     | hl_arb | ============================================================
2026-09-16T00:14:17 | INFO     | hl_arb | 🤖 Hyperliquid Arb Bot started
2026-09-16T00:14:17 | INFO     | hl_arb | Loaded 234 asset indices
2026-09-16T00:14:17 | INFO     | hl_arb | OrderManager ready
2026-09-16T00:14:17 | INFO     | hl_arb | Connecting to WebSocket: wss://api.hyperliquid.xyz/ws
2026-09-16T00:14:17 | INFO     | hl_arb | PerpSpotArbStrategy starting
2026-09-16T00:14:18 | INFO     | hl_arb | WebSocket connected
2026-09-16T00:19:24 | INFO     | hl_arb | Arb signal: BTC spread=4.1bps | perp SELL @ 76329.0 | spot BUY @ 76299.0
2026-09-16T00:19:24 | INFO     | hl_arb | 📊 Arb entry: BTC | spread=4.1bps
  Perp SELL 0.0065 @ 76329.0
  Spot BUY 0.0065 @ 76299.0
2026-09-16T00:19:24 | ERROR    | hl_arb | Strategy tick error: 'str' object has no attribute 'get'
Traceback (most recent call last):
  File "D:\Documents\Counterparty\hypetrader\hypetrader\perp_spot_arb.py", line 99, in run
    await self._tick()
  File "D:\Documents\Counterparty\hypetrader\hypetrader\perp_spot_arb.py", line 134, in _tick
    await self._check_entry(pos, perp_book, spot_book, spread_bps)
  File "D:\Documents\Counterparty\hypetrader\hypetrader\perp_spot_arb.py", line 197, in _check_entry
    perp_order, spot_order = await asyncio.gather(
  File "D:\Documents\Counterparty\hypetrader\hypetrader\order_manager.py", line 114, in place_limit
    return await self._submit(order)
  File "D:\Documents\Counterparty\hypetrader\hypetrader\order_manager.py", line 247, in _submit
    statuses = resp.get("response", {}).get("data", {}).get("statuses", [])
AttributeError: 'str' object has no attribute 'get'
2026-09-16T00:19:24 | ERROR    | hl_arb | Strategy error: 'str' object has no attribute 'get'
2026-09-16T00:19:24 | INFO     | hl_arb | Arb signal: BTC spread=4.1bps | perp SELL @ 76329.0 | spot BUY @ 76299.0
2026-09-16T00:19:24 | INFO     | hl_arb | 📊 Arb entry: BTC | spread=4.1bps
  Perp SELL 0.0065 @ 76329.0
  Spot BUY 0.0065 @ 76299.0
2026-09-16T00:19:24 | ERROR    | hl_arb | Strategy tick error: 'str' object has no attribute 'get'
Traceback (most recent call last):
  File "D:\Documents\Counterparty\hypetrader\hypetrader\perp_spot_arb.py", line 99, in run
    await self._tick()
  File "D:\Documents\Counterparty\hypetrader\hypetrader\perp_spot_arb.py", line 134, in _tick
    await self._check_entry(pos, perp_book, spot_book, spread_bps)
  File "D:\Documents\Counterparty\hypetrader\hypetrader\perp_spot_arb.py", line 197, in _check_entry
    perp_order, spot_order = await asyncio.gather(
  File "D:\Documents\Counterparty\hypetrader\hypetrader\order_manager.py", line 114, in place_limit
    return await self._submit(order)
  File "D:\Documents\Counterparty\hypetrader\hypetrader\order_manager.py", line 247, in _submit
    statuses = resp.get("response", {}).get("data", {}).get("statuses", [])
AttributeError: 'str' object has no attribute 'get'
2026-09-16T00:19:24 | ERROR    | hl_arb | Strategy error: 'str' object has no attribute 'get'
2026-09-16T00:19:24 | INFO     | hl_arb | Arb signal: BTC spread=4.1bps | perp SELL @ 76329.0 | spot BUY @ 76299.0
2026-09-16T00:19:24 | INFO     | hl_arb | 📊 Arb entry: BTC | spread=4.1bps
  Perp SELL 0.0065 @ 76329.0
  Spot BUY 0.0065 @ 76299.0
2026-09-16T00:19:24 | ERROR    | hl_arb | Strategy tick error: 'str' object has no attribute 'get'
Traceback (most recent call last):
  File "D:\Documents\Counterparty\hypetrader\hypetrader\perp_spot_arb.py", line 99, in run
    await self._tick()
  File "D:\Documents\Counterparty\hypetrader\hypetrader\perp_spot_arb.py", line 134, in _tick
    await self._check_entry(pos, perp_book, spot_book, spread_bps)
  File "D:\Documents\Counterparty\hypetrader\hypetrader\perp_spot_arb.py", line 197, in _check_entry
    perp_order, spot_order = await asyncio.gather(
  File "D:\Documents\Counterparty\hypetrader\hypetrader\order_manager.py", line 114, in place_limit
    return await self._submit(order)
  File "D:\Documents\Counterparty\hypetrader\hypetrader\order_manager.py", line 247, in _submit
    statuses = resp.get("response", {}).get("data", {}).get("statuses", [])
AttributeError: 'str' object has no attribute 'get'
2026-09-16T00:19:24 | ERROR    | hl_arb | Strategy error: 'str' object has no attribute 'get'
2026-09-16T00:19:25 | INFO     | hl_arb | Arb signal: BTC spread=4.1bps | perp SELL @ 76329.0 | spot BUY @ 76299.0
2026-09-16T00:19:25 | INFO     | hl_arb | 📊 Arb entry: BTC | spread=4.1bps
  Perp SELL 0.0065 @ 76329.0
  Spot BUY 0.0065 @ 76299.0
2026-09-16T00:19:25 | ERROR    | hl_arb | Strategy tick error: 'str' object has no attribute 'get'
Traceback (most recent call last):
  File "D:\Documents\Counterparty\hypetrader\hypetrader\perp_spot_arb.py", line 99, in run
    await self._tick()
  File "D:\Documents\Counterparty\hypetrader\hypetrader\perp_spot_arb.py", line 134, in _tick
    await self._check_entry(pos, perp_book, spot_book, spread_bps)
  File "D:\Documents\Counterparty\hypetrader\hypetrader\perp_spot_arb.py", line 197, in _check_entry
    perp_order, spot_order = await asyncio.gather(
  File "D:\Documents\Counterparty\hypetrader\hypetrader\order_manager.py", line 114, in place_limit
    return await self._submit(order)
  File "D:\Documents\Counterparty\hypetrader\hypetrader\order_manager.py", line 247, in _submit
    statuses = resp.get("response", {}).get("data", {}).get("statuses", [])
AttributeError: 'str' object has no attribute 'get'
2026-09-16T00:19:25 | ERROR    | hl_arb | Strategy error: 'str' object has no attribute 'get'
2026-09-16T00:19:25 | INFO     | hl_arb | Arb signal: BTC spread=4.1bps | perp SELL @ 76329.0 | spot BUY @ 76299.0
2026-09-16T00:19:25 | INFO     | hl_arb | 📊 Arb entry: BTC | spread=4.1bps
  Perp SELL 0.0065 @ 76329.0
  Spot BUY 0.0065 @ 76299.0
2026-09-16T00:19:25 | ERROR    | hl_arb | Strategy tick error: 'str' object has no attribute 'get'
Traceback (most recent call last):
  File "D:\Documents\Counterparty\hypetrader\hypetrader\perp_spot_arb.py", line 99, in run
    await self._tick()
  File "D:\Documents\Counterparty\hypetrader\hypetrader\perp_spot_arb.py", line 134, in _tick
    await self._check_entry(pos, perp_book, spot_book, spread_bps)
  File "D:\Documents\Counterparty\hypetrader\hypetrader\perp_spot_arb.py", line 197, in _check_entry
    perp_order, spot_order = await asyncio.gather(
  File "D:\Documents\Counterparty\hypetrader\hypetrader\order_manager.py", line 114, in place_limit
    return await self._submit(order)
  File "D:\Documents\Counterparty\hypetrader\hypetrader\order_manager.py", line 247, in _submit
    statuses = resp.get("response", {}).get("data", {}).get("statuses", [])
AttributeError: 'str' object has no attribute 'get'
2026-09-16T00:19:25 | ERROR    | hl_arb | Strategy error: 'str' object has no attribute 'get'
2026-09-16T00:19:25 | INFO     | hl_arb | Arb signal: BTC spread=4.1bps | perp SELL @ 76329.0 | spot BUY @ 76299.0
2026-09-16T00:19:25 | INFO     | hl_arb | 📊 Arb entry: BTC | spread=4.1bps
  Perp SELL 0.0065 @ 76329.0
  Spot BUY 0.0065 @ 76299.0
2026-09-16T00:19:25 | ERROR    | hl_arb | Strategy tick error: 'str' object has no attribute 'get'
Traceback (most recent call last):
  File "D:\Documents\Counterparty\hypetrader\hypetrader\perp_spot_arb.py", line 99, in run
    await self._tick()
  File "D:\Documents\Counterparty\hypetrader\hypetrader\perp_spot_arb.py", line 134, in _tick
    await self._check_entry(pos, perp_book, spot_book, spread_bps)
  File "D:\Documents\Counterparty\hypetrader\hypetrader\perp_spot_arb.py", line 197, in _check_entry
    perp_order, spot_order = await asyncio.gather(
  File "D:\Documents\Counterparty\hypetrader\hypetrader\order_manager.py", line 114, in place_limit
    return await self._submit(order)
  File "D:\Documents\Counterparty\hypetrader\hypetrader\order_manager.py", line 247, in _submit
    statuses = resp.get("response", {}).get("data", {}).get("statuses", [])
AttributeError: 'str' object has no attribute 'get'
2026-09-16T00:19:25 | ERROR    | hl_arb | Strategy error: 'str' object has no attribute 'get'
2026-09-16T00:19:25 | INFO     | hl_arb | Arb signal: BTC spread=4.1bps | perp SELL @ 76329.0 | spot BUY @ 76299.0
2026-09-16T00:19:25 | INFO     | hl_arb | 📊 Arb entry: BTC | spread=4.1bps
  Perp SELL 0.0065 @ 76329.0
  Spot BUY 0.0065 @ 76299.0
2026-09-16T00:19:25 | ERROR    | hl_arb | Strategy tick error: 'str' object has no attribute 'get'
Traceback (most recent call last):
  File "D:\Documents\Counterparty\hypetrader\hypetrader\perp_spot_arb.py", line 99, in run
    await self._tick()
  File "D:\Documents\Counterparty\hypetrader\hypetrader\perp_spot_arb.py", line 134, in _tick
    await self._check_entry(pos, perp_book, spot_book, spread_bps)
  File "D:\Documents\Counterparty\hypetrader\hypetrader\perp_spot_arb.py", line 197, in _check_entry
    perp_order, spot_order = await asyncio.gather(
  File "D:\Documents\Counterparty\hypetrader\hypetrader\order_manager.py", line 114, in place_limit
    return await self._submit(order)
  File "D:\Documents\Counterparty\hypetrader\hypetrader\order_manager.py", line 247, in _submit
    statuses = resp.get("response", {}).get("data", {}).get("statuses", [])
AttributeError: 'str' object has no attribute 'get'
2026-09-16T00:19:25 | ERROR    | hl_arb | Strategy error: 'str' object has no attribute 'get'
2026-09-16T00:19:26 | INFO     | hl_arb | Arb signal: BTC spread=4.1bps | perp SELL @ 76329.0 | spot BUY @ 76299.0
2026-09-16T00:19:26 | INFO     | hl_arb | 📊 Arb entry: BTC | spread=4.1bps
  Perp SELL 0.0065 @ 76329.0
  Spot BUY 0.0065 @ 76299.0
2026-09-16T00:19:26 | ERROR    | hl_arb | Strategy tick error: 'str' object has no attribute 'get'
Traceback (most recent call last):
  File "D:\Documents\Counterparty\hypetrader\hypetrader\perp_spot_arb.py", line 99, in run
    await self._tick()
  File "D:\Documents\Counterparty\hypetrader\hypetrader\perp_spot_arb.py", line 134, in _tick
    await self._check_entry(pos, perp_book, spot_book, spread_bps)
  File "D:\Documents\Counterparty\hypetrader\hypetrader\perp_spot_arb.py", line 197, in _check_entry
    perp_order, spot_order = await asyncio.gather(
  File "D:\Documents\Counterparty\hypetrader\hypetrader\order_manager.py", line 114, in place_limit
    return await self._submit(order)
  File "D:\Documents\Counterparty\hypetrader\hypetrader\order_manager.py", line 247, in _submit
    statuses = resp.get("response", {}).get("data", {}).get("statuses", [])
AttributeError: 'str' object has no attribute 'get'
2026-09-16T00:19:26 | ERROR    | hl_arb | Strategy error: 'str' object has no attribute 'get'
2026-09-16T00:19:26 | INFO     | hl_arb | Arb signal: BTC spread=4.1bps | perp SELL @ 76329.0 | spot BUY @ 76299.0
2026-09-16T00:19:26 | INFO     | hl_arb | 📊 Arb entry: BTC | spread=4.1bps
  Perp SELL 0.0065 @ 76329.0
  Spot BUY 0.0065 @ 76299.0
2026-09-16T00:19:26 | ERROR    | hl_arb | Strategy tick error: 'str' object has no attribute 'get'
Traceback (most recent call last):
  File "D:\Documents\Counterparty\hypetrader\hypetrader\perp_spot_arb.py", line 99, in run
    await self._tick()
  File "D:\Documents\Counterparty\hypetrader\hypetrader\perp_spot_arb.py", line 134, in _tick
    await self._check_entry(pos, perp_book, spot_book, spread_bps)
  File "D:\Documents\Counterparty\hypetrader\hypetrader\perp_spot_arb.py", line 197, in _check_entry
    perp_order, spot_order = await asyncio.gather(
  File "D:\Documents\Counterparty\hypetrader\hypetrader\order_manager.py", line 114, in place_limit
    return await self._submit(order)
  File "D:\Documents\Counterparty\hypetrader\hypetrader\order_manager.py", line 247, in _submit
    statuses = resp.get("response", {}).get("data", {}).get("statuses", [])
AttributeError: 'str' object has no attribute 'get'
2026-09-16T00:19:26 | ERROR    | hl_arb | Strategy error: 'str' object has no attribute 'get'
2026-09-16T00:19:26 | INFO     | hl_arb | Arb signal: BTC spread=4.1bps | perp SELL @ 76329.0 | spot BUY @ 76299.0
2026-09-16T00:19:26 | INFO     | hl_arb | 📊 Arb entry: BTC | spread=4.1bps
  Perp SELL 0.0065 @ 76329.0
  Spot BUY 0.0065 @ 76299.0
2026-09-16T00:19:26 | ERROR    | hl_arb | Strategy tick error: 'str' object has no attribute 'get'
Traceback (most recent call last):
  File "D:\Documents\Counterparty\hypetrader\hypetrader\perp_spot_arb.py", line 99, in run
    await self._tick()
  File "D:\Documents\Counterparty\hypetrader\hypetrader\perp_spot_arb.py", line 134, in _tick
    await self._check_entry(pos, perp_book, spot_book, spread_bps)
  File "D:\Documents\Counterparty\hypetrader\hypetrader\perp_spot_arb.py", line 197, in _check_entry
    perp_order, spot_order = await asyncio.gather(
  File "D:\Documents\Counterparty\hypetrader\hypetrader\order_manager.py", line 114, in place_limit
    return await self._submit(order)
  File "D:\Documents\Counterparty\hypetrader\hypetrader\order_manager.py", line 247, in _submit
    statuses = resp.get("response", {}).get("data", {}).get("statuses", [])
AttributeError: 'str' object has no attribute 'get'
2026-09-16T00:19:26 | ERROR    | hl_arb | Strategy error: 'str' object has no attribute 'get'
2026-09-16T00:19:26 | INFO     | hl_arb | Arb signal: BTC spread=4.1bps | perp SELL @ 76329.0 | spot BUY @ 76299.0
2026-09-16T00:19:26 | INFO     | hl_arb | 📊 Arb entry: BTC | spread=4.1bps
  Perp SELL 0.0065 @ 76329.0
  Spot BUY 0.0065 @ 76299.0
2026-09-16T00:19:27 | ERROR    | hl_arb | Strategy tick error: 'str' object has no attribute 'get'
Traceback (most recent call last):
  File "D:\Documents\Counterparty\hypetrader\hypetrader\perp_spot_arb.py", line 99, in run
    await self._tick()
  File "D:\Documents\Counterparty\hypetrader\hypetrader\perp_spot_arb.py", line 134, in _tick
    await self._check_entry(pos, perp_book, spot_book, spread_bps)
  File "D:\Documents\Counterparty\hypetrader\hypetrader\perp_spot_arb.py", line 197, in _check_entry
    perp_order, spot_order = await asyncio.gather(
  File "D:\Documents\Counterparty\hypetrader\hypetrader\order_manager.py", line 114, in place_limit
    return await self._submit(order)
  File "D:\Documents\Counterparty\hypetrader\hypetrader\order_manager.py", line 247, in _submit
    statuses = resp.get("response", {}).get("data", {}).get("statuses", [])
AttributeError: 'str' object has no attribute 'get'
2026-09-16T00:19:27 | ERROR    | hl_arb | Strategy error: 'str' object has no attribute 'get'
2026-09-16T00:19:27 | INFO     | hl_arb | Arb signal: BTC spread=4.1bps | perp SELL @ 76329.0 | spot BUY @ 76299.0
2026-09-16T00:19:27 | INFO     | hl_arb | 📊 Arb entry: BTC | spread=4.1bps
  Perp SELL 0.0065 @ 76329.0
  Spot BUY 0.0065 @ 76299.0
2026-09-16T00:19:27 | ERROR    | hl_arb | Strategy tick error: 'str' object has no attribute 'get'
Traceback (most recent call last):
  File "D:\Documents\Counterparty\hypetrader\hypetrader\perp_spot_arb.py", line 99, in run
    await self._tick()
  File "D:\Documents\Counterparty\hypetrader\hypetrader\perp_spot_arb.py", line 134, in _tick
    await self._check_entry(pos, perp_book, spot_book, spread_bps)
  File "D:\Documents\Counterparty\hypetrader\hypetrader\perp_spot_arb.py", line 197, in _check_entry
    perp_order, spot_order = await asyncio.gather(
  File "D:\Documents\Counterparty\hypetrader\hypetrader\order_manager.py", line 114, in place_limit
    return await self._submit(order)
  File "D:\Documents\Counterparty\hypetrader\hypetrader\order_manager.py", line 247, in _submit
    statuses = resp.get("response", {}).get("data", {}).get("statuses", [])
AttributeError: 'str' object has no attribute 'get'
2026-09-16T00:19:27 | ERROR    | hl_arb | Strategy error: 'str' object has no attribute 'get'
2026-09-16T00:19:27 | INFO     | hl_arb | Arb signal: BTC spread=4.1bps | perp SELL @ 76329.0 | spot BUY @ 76299.0
2026-09-16T00:19:27 | INFO     | hl_arb | 📊 Arb entry: BTC | spread=4.1bps
  Perp SELL 0.0065 @ 76329.0
  Spot BUY 0.0065 @ 76299.0
2026-09-16T00:19:27 | ERROR    | hl_arb | Strategy tick error: 'str' object has no attribute 'get'
Traceback (most recent call last):
  File "D:\Documents\Counterparty\hypetrader\hypetrader\perp_spot_arb.py", line 99, in run
    await self._tick()
  File "D:\Documents\Counterparty\hypetrader\hypetrader\perp_spot_arb.py", line 134, in _tick
    await self._check_entry(pos, perp_book, spot_book, spread_bps)
  File "D:\Documents\Counterparty\hypetrader\hypetrader\perp_spot_arb.py", line 197, in _check_entry
    perp_order, spot_order = await asyncio.gather(
  File "D:\Documents\Counterparty\hypetrader\hypetrader\order_manager.py", line 114, in place_limit
    return await self._submit(order)
  File "D:\Documents\Counterparty\hypetrader\hypetrader\order_manager.py", line 247, in _submit
    statuses = resp.get("response", {}).get("data", {}).get("statuses", [])
AttributeError: 'str' object has no attribute 'get'
2026-09-16T00:19:27 | ERROR    | hl_arb | Strategy error: 'str' object has no attribute 'get'
2026-09-16T00:19:27 | INFO     | hl_arb | Arb signal: BTC spread=4.1bps | perp SELL @ 76329.0 | spot BUY @ 76299.0
2026-09-16T00:19:27 | INFO     | hl_arb | 📊 Arb entry: BTC | spread=4.1bps
  Perp SELL 0.0065 @ 76329.0
  Spot BUY 0.0065 @ 76299.0
2026-09-16T00:19:27 | ERROR    | hl_arb | Strategy tick error: 'str' object has no attribute 'get'
Traceback (most recent call last):
  File "D:\Documents\Counterparty\hypetrader\hypetrader\perp_spot_arb.py", line 99, in run
    await self._tick()
  File "D:\Documents\Counterparty\hypetrader\hypetrader\perp_spot_arb.py", line 134, in _tick
    await self._check_entry(pos, perp_book, spot_book, spread_bps)
  File "D:\Documents\Counterparty\hypetrader\hypetrader\perp_spot_arb.py", line 197, in _check_entry
    perp_order, spot_order = await asyncio.gather(
  File "D:\Documents\Counterparty\hypetrader\hypetrader\order_manager.py", line 114, in place_limit
    return await self._submit(order)
  File "D:\Documents\Counterparty\hypetrader\hypetrader\order_manager.py", line 247, in _submit
    statuses = resp.get("response", {}).get("data", {}).get("statuses", [])
AttributeError: 'str' object has no attribute 'get'
2026-09-16T00:19:27 | ERROR    | hl_arb | Strategy error: 'str' object has no attribute 'get'
2026-09-16T00:19:28 | INFO     | hl_arb | Arb signal: BTC spread=4.1bps | perp SELL @ 76329.0 | spot BUY @ 76299.0
2026-09-16T00:19:28 | INFO     | hl_arb | 📊 Arb entry: BTC | spread=4.1bps
  Perp SELL 0.0065 @ 76329.0
  Spot BUY 0.0065 @ 76299.0
2026-09-16T00:19:28 | ERROR    | hl_arb | Strategy tick error: 'str' object has no attribute 'get'
Traceback (most recent call last):
  File "D:\Documents\Counterparty\hypetrader\hypetrader\perp_spot_arb.py", line 99, in run
    await self._tick()
  File "D:\Documents\Counterparty\hypetrader\hypetrader\perp_spot_arb.py", line 134, in _tick
    await self._check_entry(pos, perp_book, spot_book, spread_bps)
  File "D:\Documents\Counterparty\hypetrader\hypetrader\perp_spot_arb.py", line 197, in _check_entry
    perp_order, spot_order = await asyncio.gather(
  File "D:\Documents\Counterparty\hypetrader\hypetrader\order_manager.py", line 114, in place_limit
    return await self._submit(order)
  File "D:\Documents\Counterparty\hypetrader\hypetrader\order_manager.py", line 247, in _submit
    statuses = resp.get("response", {}).get("data", {}).get("statuses", [])
AttributeError: 'str' object has no attribute 'get'
2026-09-16T00:19:28 | ERROR    | hl_arb | Strategy error: 'str' object has no attribute 'get'
2026-09-16T00:19:28 | INFO     | hl_arb | Arb signal: BTC spread=4.1bps | perp SELL @ 76329.0 | spot BUY @ 76299.0
2026-09-16T00:19:28 | INFO     | hl_arb | 📊 Arb entry: BTC | spread=4.1bps
  Perp SELL 0.0065 @ 76329.0
  Spot BUY 0.0065 @ 76299.0
2026-09-16T00:19:28 | ERROR    | hl_arb | Strategy tick error: 'str' object has no attribute 'get'
Traceback (most recent call last):
  File "D:\Documents\Counterparty\hypetrader\hypetrader\perp_spot_arb.py", line 99, in run
    await self._tick()
  File "D:\Documents\Counterparty\hypetrader\hypetrader\perp_spot_arb.py", line 134, in _tick
    await self._check_entry(pos, perp_book, spot_book, spread_bps)
  File "D:\Documents\Counterparty\hypetrader\hypetrader\perp_spot_arb.py", line 197, in _check_entry
    perp_order, spot_order = await asyncio.gather(
  File "D:\Documents\Counterparty\hypetrader\hypetrader\order_manager.py", line 114, in place_limit
    return await self._submit(order)
  File "D:\Documents\Counterparty\hypetrader\hypetrader\order_manager.py", line 247, in _submit
    statuses = resp.get("response", {}).get("data", {}).get("statuses", [])
AttributeError: 'str' object has no attribute 'get'
2026-09-16T00:19:28 | ERROR    | hl_arb | Strategy error: 'str' object has no attribute 'get'
2026-09-16T00:19:28 | INFO     | hl_arb | Arb signal: BTC spread=4.1bps | perp SELL @ 76329.0 | spot BUY @ 76299.0
2026-09-16T00:19:28 | INFO     | hl_arb | 📊 Arb entry: BTC | spread=4.1bps
  Perp SELL 0.0065 @ 76329.0
  Spot BUY 0.0065 @ 76299.0
2026-09-16T00:19:28 | ERROR    | hl_arb | Strategy tick error: 'str' object has no attribute 'get'
Traceback (most recent call last):
  File "D:\Documents\Counterparty\hypetrader\hypetrader\perp_spot_arb.py", line 99, in run
    await self._tick()
  File "D:\Documents\Counterparty\hypetrader\hypetrader\perp_spot_arb.py", line 134, in _tick
    await self._check_entry(pos, perp_book, spot_book, spread_bps)
  File "D:\Documents\Counterparty\hypetrader\hypetrader\perp_spot_arb.py", line 197, in _check_entry
    perp_order, spot_order = await asyncio.gather(
  File "D:\Documents\Counterparty\hypetrader\hypetrader\order_manager.py", line 114, in place_limit
    return await self._submit(order)
  File "D:\Documents\Counterparty\hypetrader\hypetrader\order_manager.py", line 247, in _submit
    statuses = resp.get("response", {}).get("data", {}).get("statuses", [])
AttributeError: 'str' object has no attribute 'get'
2026-09-16T00:19:28 | ERROR    | hl_arb | Strategy error: 'str' object has no attribute 'get'
2026-09-16T00:19:28 | INFO     | hl_arb | Arb signal: BTC spread=4.1bps | perp SELL @ 76329.0 | spot BUY @ 76299.0
2026-09-16T00:19:28 | INFO     | hl_arb | 📊 Arb entry: BTC | spread=4.1bps
  Perp SELL 0.0065 @ 76329.0
  Spot BUY 0.0065 @ 76299.0
2026-09-16T00:19:29 | ERROR    | hl_arb | Strategy tick error: 'str' object has no attribute 'get'
Traceback (most recent call last):
  File "D:\Documents\Counterparty\hypetrader\hypetrader\perp_spot_arb.py", line 99, in run
    await self._tick()
  File "D:\Documents\Counterparty\hypetrader\hypetrader\perp_spot_arb.py", line 134, in _tick
    await self._check_entry(pos, perp_book, spot_book, spread_bps)
  File "D:\Documents\Counterparty\hypetrader\hypetrader\perp_spot_arb.py", line 197, in _check_entry
    perp_order, spot_order = await asyncio.gather(
  File "D:\Documents\Counterparty\hypetrader\hypetrader\order_manager.py", line 114, in place_limit
    return await self._submit(order)
  File "D:\Documents\Counterparty\hypetrader\hypetrader\order_manager.py", line 247, in _submit
    statuses = resp.get("response", {}).get("data", {}).get("statuses", [])
AttributeError: 'str' object has no attribute 'get'
2026-09-16T00:19:29 | ERROR    | hl_arb | Strategy error: 'str' object has no attribute 'get'
2026-09-16T00:21:40 | INFO     | hl_arb | Received SIGINT — shutting down…
2026-09-16T00:21:40 | INFO     | hl_arb | Stopping strategy and feed…
2026-09-16T00:21:40 | INFO     | hl_arb | PerpSpotArbStrategy stopping
2026-09-16T00:21:40 | INFO     | hl_arb | 🛑 Hyperliquid Arb Bot stopped
2026-09-16T00:21:40 | INFO     | hl_arb | Shutdown complete
2026-09-16T00:21:50 | INFO     | hl_arb | ============================================================
2026-09-16T00:21:50 | INFO     | hl_arb |   Hyperliquid Arb Bot starting
2026-09-16T00:21:50 | INFO     | hl_arb |   Wallet  : 0x69fA2304DD7EF1DAb42F15A5f0f0C8720d0C3Fc6
2026-09-16T00:21:50 | INFO     | hl_arb |   API URL : https://api.hyperliquid.xyz
2026-09-16T00:21:50 | INFO     | hl_arb |   Pairs   : [('ETH', 'ETH'), ('BTC', 'BTC'), ('SOL', 'SOL')]
2026-09-16T00:21:50 | INFO     | hl_arb | ============================================================
2026-09-16T00:21:50 | INFO     | hl_arb | 🤖 Hyperliquid Arb Bot started
2026-09-16T00:21:50 | INFO     | hl_arb | Loaded 234 asset indices
2026-09-16T00:21:50 | INFO     | hl_arb | OrderManager ready
2026-09-16T00:21:50 | INFO     | hl_arb | Connecting to WebSocket: wss://api.hyperliquid.xyz/ws
2026-09-16T00:21:50 | INFO     | hl_arb | PerpSpotArbStrategy starting
2026-09-16T00:21:50 | INFO     | hl_arb | WebSocket connected
2026-09-16T00:23:24 | WARNING  | hl_arb | Risk check failed for ETH spot: Order notional $500 exceeds limit $500
2026-09-16T00:23:24 | WARNING  | hl_arb | Risk check failed for ETH spot: Order notional $500 exceeds limit $500
2026-09-16T00:23:25 | WARNING  | hl_arb | Risk check failed for ETH spot: Order notional $500 exceeds limit $500
2026-09-16T00:23:25 | WARNING  | hl_arb | Risk check failed for ETH spot: Order notional $500 exceeds limit $500
2026-09-16T00:23:25 | WARNING  | hl_arb | Risk check failed for ETH spot: Order notional $500 exceeds limit $500
2026-09-16T00:23:25 | WARNING  | hl_arb | Risk check failed for ETH spot: Order notional $500 exceeds limit $500
2026-09-16T00:23:25 | WARNING  | hl_arb | Risk check failed for ETH spot: Order notional $500 exceeds limit $500
2026-09-16T00:23:25 | WARNING  | hl_arb | Risk check failed for ETH spot: Order notional $500 exceeds limit $500
2026-09-16T00:23:25 | WARNING  | hl_arb | Risk check failed for ETH spot: Order notional $500 exceeds limit $500
2026-09-16T00:23:25 | WARNING  | hl_arb | Risk check failed for ETH spot: Order notional $500 exceeds limit $500
2026-09-16T00:23:25 | WARNING  | hl_arb | Risk check failed for ETH spot: Order notional $500 exceeds limit $500
2026-09-16T00:23:26 | WARNING  | hl_arb | Risk check failed for ETH spot: Order notional $500 exceeds limit $500
2026-09-16T00:23:26 | WARNING  | hl_arb | Risk check failed for ETH spot: Order notional $500 exceeds limit $500
2026-09-16T00:23:26 | WARNING  | hl_arb | Risk check failed for ETH spot: Order notional $500 exceeds limit $500
2026-09-16T00:23:26 | WARNING  | hl_arb | Risk check failed for ETH spot: Order notional $500 exceeds limit $500
2026-09-16T00:23:26 | WARNING  | hl_arb | Risk check failed for ETH spot: Order notional $500 exceeds limit $500
2026-09-16T00:23:26 | WARNING  | hl_arb | Risk check failed for ETH spot: Order notional $500 exceeds limit $500
2026-09-16T00:23:26 | WARNING  | hl_arb | Risk check failed for ETH spot: Order notional $500 exceeds limit $500
2026-09-16T00:23:26 | WARNING  | hl_arb | Risk check failed for ETH spot: Order notional $500 exceeds limit $500
2026-09-16T00:23:26 | WARNING  | hl_arb | Risk check failed for ETH spot: Order notional $500 exceeds limit $500
2026-09-16T00:23:27 | WARNING  | hl_arb | Risk check failed for ETH spot: Order notional $500 exceeds limit $500
2026-09-16T00:23:27 | WARNING  | hl_arb | Risk check failed for ETH spot: Order notional $500 exceeds limit $500
2026-09-16T00:23:27 | WARNING  | hl_arb | Risk check failed for ETH spot: Order notional $500 exceeds limit $500
2026-09-16T00:23:27 | WARNING  | hl_arb | Risk check failed for ETH spot: Order notional $500 exceeds limit $500
2026-09-16T00:23:27 | WARNING  | hl_arb | Risk check failed for ETH spot: Order notional $500 exceeds limit $500
2026-09-16T00:23:27 | WARNING  | hl_arb | Risk check failed for ETH spot: Order notional $500 exceeds limit $500
2026-09-16T00:23:27 | WARNING  | hl_arb | Risk check failed for ETH spot: Order notional $500 exceeds limit $500
2026-09-16T00:23:27 | WARNING  | hl_arb | Risk check failed for ETH spot: Order notional $500 exceeds limit $500
2026-09-16T00:23:27 | WARNING  | hl_arb | Risk check failed for ETH spot: Order notional $500 exceeds limit $500
2026-09-16T00:23:27 | WARNING  | hl_arb | Risk check failed for ETH spot: Order notional $500 exceeds limit $500
2026-09-16T00:23:28 | WARNING  | hl_arb | Risk check failed for ETH spot: Order notional $500 exceeds limit $500
2026-09-16T00:23:28 | WARNING  | hl_arb | Risk check failed for ETH spot: Order notional $500 exceeds limit $500
2026-09-16T00:23:28 | WARNING  | hl_arb | Risk check failed for ETH spot: Order notional $500 exceeds limit $500
2026-09-16T00:23:28 | WARNING  | hl_arb | Risk check failed for ETH spot: Order notional $500 exceeds limit $500
2026-09-16T00:23:28 | WARNING  | hl_arb | Risk check failed for ETH spot: Order notional $500 exceeds limit $500
2026-09-16T00:23:28 | WARNING  | hl_arb | Risk check failed for ETH spot: Order notional $500 exceeds limit $500
2026-09-16T00:23:28 | WARNING  | hl_arb | Risk check failed for ETH spot: Order notional $500 exceeds limit $500
2026-09-16T00:23:28 | WARNING  | hl_arb | Risk check failed for ETH spot: Order notional $500 exceeds limit $500
2026-09-16T00:23:28 | WARNING  | hl_arb | Risk check failed for ETH spot: Order notional $500 exceeds limit $500
2026-09-16T00:23:29 | WARNING  | hl_arb | Risk check failed for ETH spot: Order notional $500 exceeds limit $500
2026-09-16T00:23:29 | WARNING  | hl_arb | Risk check failed for ETH spot: Order notional $500 exceeds limit $500
2026-09-16T00:23:29 | WARNING  | hl_arb | Risk check failed for ETH spot: Order notional $500 exceeds limit $500
2026-09-16T00:23:29 | WARNING  | hl_arb | Risk check failed for ETH spot: Order notional $500 exceeds limit $500
2026-09-16T00:23:29 | WARNING  | hl_arb | Risk check failed for ETH spot: Order notional $500 exceeds limit $500
2026-09-16T00:23:29 | WARNING  | hl_arb | Risk check failed for ETH spot: Order notional $500 exceeds limit $500
2026-09-16T00:23:29 | WARNING  | hl_arb | Risk check failed for ETH spot: Order notional $500 exceeds limit $500
2026-09-16T00:23:32 | INFO     | hl_arb | Received SIGINT — shutting down…
2026-09-16T00:23:32 | INFO     | hl_arb | Stopping strategy and feed…
2026-09-16T00:23:32 | INFO     | hl_arb | PerpSpotArbStrategy stopping
2026-09-16T00:23:32 | INFO     | hl_arb | 🛑 Hyperliquid Arb Bot stopped
2026-09-16T00:23:32 | INFO     | hl_arb | Shutdown complete
2026-09-16T00:24:03 | INFO     | hl_arb | ============================================================
2026-09-16T00:24:03 | INFO     | hl_arb |   Hyperliquid Arb Bot starting
2026-09-16T00:24:03 | INFO     | hl_arb |   Wallet  : 0x69fA2304DD7EF1DAb42F15A5f0f0C8720d0C3Fc6
2026-09-16T00:24:03 | INFO     | hl_arb |   API URL : https://api.hyperliquid.xyz
2026-09-16T00:24:03 | INFO     | hl_arb |   Pairs   : [('ETH', 'ETH'), ('BTC', 'BTC'), ('SOL', 'SOL')]
2026-09-16T00:24:03 | INFO     | hl_arb | ============================================================
2026-09-16T00:24:03 | INFO     | hl_arb | 🤖 Hyperliquid Arb Bot started
2026-09-16T00:24:03 | INFO     | hl_arb | Loaded 234 asset indices
2026-09-16T00:24:03 | INFO     | hl_arb | OrderManager ready
2026-09-16T00:24:03 | INFO     | hl_arb | Connecting to WebSocket: wss://api.hyperliquid.xyz/ws
2026-09-16T00:24:03 | INFO     | hl_arb | PerpSpotArbStrategy starting
2026-09-16T00:24:03 | INFO     | hl_arb | WebSocket connected
2026-09-16T00:30:04 | INFO     | hl_arb | Arb signal: SOL spread=-4.3bps | perp BUY @ 99.859 | spot SELL @ 99.9
2026-09-16T00:30:04 | INFO     | hl_arb | 📊 Arb entry: SOL | spread=-4.3bps
  Perp BUY 5.005 @ 99.859
  Spot SELL 5.005 @ 99.9
2026-09-16T00:30:04 | ERROR    | hl_arb | Strategy tick error: 'str' object has no attribute 'get'
Traceback (most recent call last):
  File "D:\Documents\Counterparty\hypetrader\hypetrader\perp_spot_arb.py", line 99, in run
    await self._tick()
  File "D:\Documents\Counterparty\hypetrader\hypetrader\perp_spot_arb.py", line 134, in _tick
    await self._check_entry(pos, perp_book, spot_book, spread_bps)
  File "D:\Documents\Counterparty\hypetrader\hypetrader\perp_spot_arb.py", line 198, in _check_entry
    perp_order, spot_order = await asyncio.gather(
  File "D:\Documents\Counterparty\hypetrader\hypetrader\order_manager.py", line 114, in place_limit
    return await self._submit(order)
  File "D:\Documents\Counterparty\hypetrader\hypetrader\order_manager.py", line 260, in _submit
    statuses = resp.get("response", {}).get("data", {}).get("statuses", [])
AttributeError: 'str' object has no attribute 'get'
2026-09-16T00:30:04 | ERROR    | hl_arb | Strategy error: 'str' object has no attribute 'get'
2026-09-16T00:30:04 | INFO     | hl_arb | Arb signal: SOL spread=-4.3bps | perp BUY @ 99.859 | spot SELL @ 99.9
2026-09-16T00:30:04 | INFO     | hl_arb | 📊 Arb entry: SOL | spread=-4.3bps
  Perp BUY 5.005 @ 99.859
  Spot SELL 5.005 @ 99.9
2026-09-16T00:30:04 | ERROR    | hl_arb | Strategy tick error: 'str' object has no attribute 'get'
Traceback (most recent call last):
  File "D:\Documents\Counterparty\hypetrader\hypetrader\perp_spot_arb.py", line 99, in run
    await self._tick()
  File "D:\Documents\Counterparty\hypetrader\hypetrader\perp_spot_arb.py", line 134, in _tick
    await self._check_entry(pos, perp_book, spot_book, spread_bps)
  File "D:\Documents\Counterparty\hypetrader\hypetrader\perp_spot_arb.py", line 198, in _check_entry
    perp_order, spot_order = await asyncio.gather(
  File "D:\Documents\Counterparty\hypetrader\hypetrader\order_manager.py", line 114, in place_limit
    return await self._submit(order)
  File "D:\Documents\Counterparty\hypetrader\hypetrader\order_manager.py", line 260, in _submit
    statuses = resp.get("response", {}).get("data", {}).get("statuses", [])
AttributeError: 'str' object has no attribute 'get'
2026-09-16T00:30:04 | ERROR    | hl_arb | Strategy error: 'str' object has no attribute 'get'
2026-09-16T00:30:04 | INFO     | hl_arb | Arb signal: SOL spread=-4.3bps | perp BUY @ 99.859 | spot SELL @ 99.9
2026-09-16T00:30:04 | INFO     | hl_arb | 📊 Arb entry: SOL | spread=-4.3bps
  Perp BUY 5.005 @ 99.859
  Spot SELL 5.005 @ 99.9
2026-09-16T00:30:04 | ERROR    | hl_arb | Strategy tick error: 'str' object has no attribute 'get'
Traceback (most recent call last):
  File "D:\Documents\Counterparty\hypetrader\hypetrader\perp_spot_arb.py", line 99, in run
    await self._tick()
  File "D:\Documents\Counterparty\hypetrader\hypetrader\perp_spot_arb.py", line 134, in _tick
    await self._check_entry(pos, perp_book, spot_book, spread_bps)
  File "D:\Documents\Counterparty\hypetrader\hypetrader\perp_spot_arb.py", line 198, in _check_entry
    perp_order, spot_order = await asyncio.gather(
  File "D:\Documents\Counterparty\hypetrader\hypetrader\order_manager.py", line 114, in place_limit
    return await self._submit(order)
  File "D:\Documents\Counterparty\hypetrader\hypetrader\order_manager.py", line 260, in _submit
    statuses = resp.get("response", {}).get("data", {}).get("statuses", [])
AttributeError: 'str' object has no attribute 'get'
2026-09-16T00:30:04 | ERROR    | hl_arb | Strategy error: 'str' object has no attribute 'get'
2026-09-16T00:30:05 | INFO     | hl_arb | Arb signal: SOL spread=-4.3bps | perp BUY @ 99.859 | spot SELL @ 99.9
2026-09-16T00:30:05 | INFO     | hl_arb | 📊 Arb entry: SOL | spread=-4.3bps
  Perp BUY 5.005 @ 99.859
  Spot SELL 5.005 @ 99.9
2026-09-16T00:30:05 | ERROR    | hl_arb | Strategy tick error: 'str' object has no attribute 'get'
Traceback (most recent call last):
  File "D:\Documents\Counterparty\hypetrader\hypetrader\perp_spot_arb.py", line 99, in run
    await self._tick()
  File "D:\Documents\Counterparty\hypetrader\hypetrader\perp_spot_arb.py", line 134, in _tick
    await self._check_entry(pos, perp_book, spot_book, spread_bps)
  File "D:\Documents\Counterparty\hypetrader\hypetrader\perp_spot_arb.py", line 198, in _check_entry
    perp_order, spot_order = await asyncio.gather(
  File "D:\Documents\Counterparty\hypetrader\hypetrader\order_manager.py", line 114, in place_limit
    return await self._submit(order)
  File "D:\Documents\Counterparty\hypetrader\hypetrader\order_manager.py", line 260, in _submit
    statuses = resp.get("response", {}).get("data", {}).get("statuses", [])
AttributeError: 'str' object has no attribute 'get'
2026-09-16T00:30:05 | ERROR    | hl_arb | Strategy error: 'str' object has no attribute 'get'
2026-09-16T00:30:05 | INFO     | hl_arb | Arb signal: SOL spread=-4.3bps | perp BUY @ 99.859 | spot SELL @ 99.9
2026-09-16T00:30:05 | INFO     | hl_arb | 📊 Arb entry: SOL | spread=-4.3bps
  Perp BUY 5.005 @ 99.859
  Spot SELL 5.005 @ 99.9
2026-09-16T00:30:05 | ERROR    | hl_arb | Strategy tick error: 'str' object has no attribute 'get'
Traceback (most recent call last):
  File "D:\Documents\Counterparty\hypetrader\hypetrader\perp_spot_arb.py", line 99, in run
    await self._tick()
  File "D:\Documents\Counterparty\hypetrader\hypetrader\perp_spot_arb.py", line 134, in _tick
    await self._check_entry(pos, perp_book, spot_book, spread_bps)
  File "D:\Documents\Counterparty\hypetrader\hypetrader\perp_spot_arb.py", line 198, in _check_entry
    perp_order, spot_order = await asyncio.gather(
  File "D:\Documents\Counterparty\hypetrader\hypetrader\order_manager.py", line 114, in place_limit
    return await self._submit(order)
  File "D:\Documents\Counterparty\hypetrader\hypetrader\order_manager.py", line 260, in _submit
    statuses = resp.get("response", {}).get("data", {}).get("statuses", [])
AttributeError: 'str' object has no attribute 'get'
2026-09-16T00:30:05 | ERROR    | hl_arb | Strategy error: 'str' object has no attribute 'get'
2026-09-16T00:30:05 | INFO     | hl_arb | Arb signal: SOL spread=-4.3bps | perp BUY @ 99.859 | spot SELL @ 99.9
2026-09-16T00:30:05 | INFO     | hl_arb | 📊 Arb entry: SOL | spread=-4.3bps
  Perp BUY 5.005 @ 99.859
  Spot SELL 5.005 @ 99.9
2026-09-16T00:30:05 | ERROR    | hl_arb | Strategy tick error: 'str' object has no attribute 'get'
Traceback (most recent call last):
  File "D:\Documents\Counterparty\hypetrader\hypetrader\perp_spot_arb.py", line 99, in run
    await self._tick()
  File "D:\Documents\Counterparty\hypetrader\hypetrader\perp_spot_arb.py", line 134, in _tick
    await self._check_entry(pos, perp_book, spot_book, spread_bps)
  File "D:\Documents\Counterparty\hypetrader\hypetrader\perp_spot_arb.py", line 198, in _check_entry
    perp_order, spot_order = await asyncio.gather(
  File "D:\Documents\Counterparty\hypetrader\hypetrader\order_manager.py", line 114, in place_limit
    return await self._submit(order)
  File "D:\Documents\Counterparty\hypetrader\hypetrader\order_manager.py", line 260, in _submit
    statuses = resp.get("response", {}).get("data", {}).get("statuses", [])
AttributeError: 'str' object has no attribute 'get'
2026-09-16T00:30:05 | ERROR    | hl_arb | Strategy error: 'str' object has no attribute 'get'
2026-09-16T00:30:05 | INFO     | hl_arb | Arb signal: SOL spread=-4.3bps | perp BUY @ 99.859 | spot SELL @ 99.9
2026-09-16T00:30:05 | INFO     | hl_arb | 📊 Arb entry: SOL | spread=-4.3bps
  Perp BUY 5.005 @ 99.859
  Spot SELL 5.005 @ 99.9
2026-09-16T00:30:06 | ERROR    | hl_arb | Strategy tick error: 'str' object has no attribute 'get'
Traceback (most recent call last):
  File "D:\Documents\Counterparty\hypetrader\hypetrader\perp_spot_arb.py", line 99, in run
    await self._tick()
  File "D:\Documents\Counterparty\hypetrader\hypetrader\perp_spot_arb.py", line 134, in _tick
    await self._check_entry(pos, perp_book, spot_book, spread_bps)
  File "D:\Documents\Counterparty\hypetrader\hypetrader\perp_spot_arb.py", line 198, in _check_entry
    perp_order, spot_order = await asyncio.gather(
  File "D:\Documents\Counterparty\hypetrader\hypetrader\order_manager.py", line 114, in place_limit
    return await self._submit(order)
  File "D:\Documents\Counterparty\hypetrader\hypetrader\order_manager.py", line 260, in _submit
    statuses = resp.get("response", {}).get("data", {}).get("statuses", [])
AttributeError: 'str' object has no attribute 'get'
2026-09-16T00:30:06 | ERROR    | hl_arb | Strategy error: 'str' object has no attribute 'get'
2026-09-16T00:30:06 | INFO     | hl_arb | Arb signal: SOL spread=-4.3bps | perp BUY @ 99.859 | spot SELL @ 99.9
2026-09-16T00:30:06 | INFO     | hl_arb | 📊 Arb entry: SOL | spread=-4.3bps
  Perp BUY 5.005 @ 99.859
  Spot SELL 5.005 @ 99.9
2026-09-16T00:30:06 | ERROR    | hl_arb | Strategy tick error: 'str' object has no attribute 'get'
Traceback (most recent call last):
  File "D:\Documents\Counterparty\hypetrader\hypetrader\perp_spot_arb.py", line 99, in run
    await self._tick()
  File "D:\Documents\Counterparty\hypetrader\hypetrader\perp_spot_arb.py", line 134, in _tick
    await self._check_entry(pos, perp_book, spot_book, spread_bps)
  File "D:\Documents\Counterparty\hypetrader\hypetrader\perp_spot_arb.py", line 198, in _check_entry
    perp_order, spot_order = await asyncio.gather(
  File "D:\Documents\Counterparty\hypetrader\hypetrader\order_manager.py", line 114, in place_limit
    return await self._submit(order)
  File "D:\Documents\Counterparty\hypetrader\hypetrader\order_manager.py", line 260, in _submit
    statuses = resp.get("response", {}).get("data", {}).get("statuses", [])
AttributeError: 'str' object has no attribute 'get'
2026-09-16T00:30:06 | ERROR    | hl_arb | Strategy error: 'str' object has no attribute 'get'
2026-09-16T00:30:06 | INFO     | hl_arb | Arb signal: SOL spread=-4.3bps | perp BUY @ 99.859 | spot SELL @ 99.9
2026-09-16T00:30:06 | INFO     | hl_arb | 📊 Arb entry: SOL | spread=-4.3bps
  Perp BUY 5.005 @ 99.859
  Spot SELL 5.005 @ 99.9
2026-09-16T00:30:06 | ERROR    | hl_arb | Strategy tick error: 'str' object has no attribute 'get'
Traceback (most recent call last):
  File "D:\Documents\Counterparty\hypetrader\hypetrader\perp_spot_arb.py", line 99, in run
    await self._tick()
  File "D:\Documents\Counterparty\hypetrader\hypetrader\perp_spot_arb.py", line 134, in _tick
    await self._check_entry(pos, perp_book, spot_book, spread_bps)
  File "D:\Documents\Counterparty\hypetrader\hypetrader\perp_spot_arb.py", line 198, in _check_entry
    perp_order, spot_order = await asyncio.gather(
  File "D:\Documents\Counterparty\hypetrader\hypetrader\order_manager.py", line 114, in place_limit
    return await self._submit(order)
  File "D:\Documents\Counterparty\hypetrader\hypetrader\order_manager.py", line 260, in _submit
    statuses = resp.get("response", {}).get("data", {}).get("statuses", [])
AttributeError: 'str' object has no attribute 'get'
2026-09-16T00:30:06 | ERROR    | hl_arb | Strategy error: 'str' object has no attribute 'get'
2026-09-16T00:30:06 | INFO     | hl_arb | Arb signal: SOL spread=-4.3bps | perp BUY @ 99.859 | spot SELL @ 99.9
2026-09-16T00:30:06 | INFO     | hl_arb | 📊 Arb entry: SOL | spread=-4.3bps
  Perp BUY 5.005 @ 99.859
  Spot SELL 5.005 @ 99.9
2026-09-16T00:30:06 | ERROR    | hl_arb | Strategy tick error: 'str' object has no attribute 'get'
Traceback (most recent call last):
  File "D:\Documents\Counterparty\hypetrader\hypetrader\perp_spot_arb.py", line 99, in run
    await self._tick()
  File "D:\Documents\Counterparty\hypetrader\hypetrader\perp_spot_arb.py", line 134, in _tick
    await self._check_entry(pos, perp_book, spot_book, spread_bps)
  File "D:\Documents\Counterparty\hypetrader\hypetrader\perp_spot_arb.py", line 198, in _check_entry
    perp_order, spot_order = await asyncio.gather(
  File "D:\Documents\Counterparty\hypetrader\hypetrader\order_manager.py", line 114, in place_limit
    return await self._submit(order)
  File "D:\Documents\Counterparty\hypetrader\hypetrader\order_manager.py", line 260, in _submit
    statuses = resp.get("response", {}).get("data", {}).get("statuses", [])
AttributeError: 'str' object has no attribute 'get'
2026-09-16T00:30:06 | ERROR    | hl_arb | Strategy error: 'str' object has no attribute 'get'
2026-09-16T00:30:06 | INFO     | hl_arb | Arb signal: SOL spread=-4.3bps | perp BUY @ 99.859 | spot SELL @ 99.9
2026-09-16T00:30:06 | INFO     | hl_arb | 📊 Arb entry: SOL | spread=-4.3bps
  Perp BUY 5.005 @ 99.859
  Spot SELL 5.005 @ 99.9
2026-09-16T00:30:07 | ERROR    | hl_arb | Strategy tick error: 'str' object has no attribute 'get'
Traceback (most recent call last):
  File "D:\Documents\Counterparty\hypetrader\hypetrader\perp_spot_arb.py", line 99, in run
    await self._tick()
  File "D:\Documents\Counterparty\hypetrader\hypetrader\perp_spot_arb.py", line 134, in _tick
    await self._check_entry(pos, perp_book, spot_book, spread_bps)
  File "D:\Documents\Counterparty\hypetrader\hypetrader\perp_spot_arb.py", line 198, in _check_entry
    perp_order, spot_order = await asyncio.gather(
  File "D:\Documents\Counterparty\hypetrader\hypetrader\order_manager.py", line 114, in place_limit
    return await self._submit(order)
  File "D:\Documents\Counterparty\hypetrader\hypetrader\order_manager.py", line 260, in _submit
    statuses = resp.get("response", {}).get("data", {}).get("statuses", [])
AttributeError: 'str' object has no attribute 'get'
2026-09-16T00:30:07 | ERROR    | hl_arb | Strategy error: 'str' object has no attribute 'get'
2026-09-16T00:30:07 | INFO     | hl_arb | Arb signal: SOL spread=-4.3bps | perp BUY @ 99.859 | spot SELL @ 99.9
2026-09-16T00:30:07 | INFO     | hl_arb | 📊 Arb entry: SOL | spread=-4.3bps
  Perp BUY 5.005 @ 99.859
  Spot SELL 5.005 @ 99.9
2026-09-16T00:30:07 | ERROR    | hl_arb | Strategy tick error: 'str' object has no attribute 'get'
Traceback (most recent call last):
  File "D:\Documents\Counterparty\hypetrader\hypetrader\perp_spot_arb.py", line 99, in run
    await self._tick()
  File "D:\Documents\Counterparty\hypetrader\hypetrader\perp_spot_arb.py", line 134, in _tick
    await self._check_entry(pos, perp_book, spot_book, spread_bps)
  File "D:\Documents\Counterparty\hypetrader\hypetrader\perp_spot_arb.py", line 198, in _check_entry
    perp_order, spot_order = await asyncio.gather(
  File "D:\Documents\Counterparty\hypetrader\hypetrader\order_manager.py", line 114, in place_limit
    return await self._submit(order)
  File "D:\Documents\Counterparty\hypetrader\hypetrader\order_manager.py", line 260, in _submit
    statuses = resp.get("response", {}).get("data", {}).get("statuses", [])
AttributeError: 'str' object has no attribute 'get'
2026-09-16T00:30:07 | ERROR    | hl_arb | Strategy error: 'str' object has no attribute 'get'
2026-09-16T00:30:07 | INFO     | hl_arb | Arb signal: SOL spread=-4.3bps | perp BUY @ 99.859 | spot SELL @ 99.9
2026-09-16T00:30:07 | INFO     | hl_arb | 📊 Arb entry: SOL | spread=-4.3bps
  Perp BUY 5.005 @ 99.859
  Spot SELL 5.005 @ 99.9
2026-09-16T00:30:07 | ERROR    | hl_arb | Strategy tick error: 'str' object has no attribute 'get'
Traceback (most recent call last):
  File "D:\Documents\Counterparty\hypetrader\hypetrader\perp_spot_arb.py", line 99, in run
    await self._tick()
  File "D:\Documents\Counterparty\hypetrader\hypetrader\perp_spot_arb.py", line 134, in _tick
    await self._check_entry(pos, perp_book, spot_book, spread_bps)
  File "D:\Documents\Counterparty\hypetrader\hypetrader\perp_spot_arb.py", line 198, in _check_entry
    perp_order, spot_order = await asyncio.gather(
  File "D:\Documents\Counterparty\hypetrader\hypetrader\order_manager.py", line 114, in place_limit
    return await self._submit(order)
  File "D:\Documents\Counterparty\hypetrader\hypetrader\order_manager.py", line 260, in _submit
    statuses = resp.get("response", {}).get("data", {}).get("statuses", [])
AttributeError: 'str' object has no attribute 'get'
2026-09-16T00:30:07 | ERROR    | hl_arb | Strategy error: 'str' object has no attribute 'get'
2026-09-16T00:30:07 | INFO     | hl_arb | Arb signal: SOL spread=-4.3bps | perp BUY @ 99.859 | spot SELL @ 99.9
2026-09-16T00:30:07 | INFO     | hl_arb | 📊 Arb entry: SOL | spread=-4.3bps
  Perp BUY 5.005 @ 99.859
  Spot SELL 5.005 @ 99.9
2026-09-16T00:30:07 | ERROR    | hl_arb | Strategy tick error: 'str' object has no attribute 'get'
Traceback (most recent call last):
  File "D:\Documents\Counterparty\hypetrader\hypetrader\perp_spot_arb.py", line 99, in run
    await self._tick()
  File "D:\Documents\Counterparty\hypetrader\hypetrader\perp_spot_arb.py", line 134, in _tick
    await self._check_entry(pos, perp_book, spot_book, spread_bps)
  File "D:\Documents\Counterparty\hypetrader\hypetrader\perp_spot_arb.py", line 198, in _check_entry
    perp_order, spot_order = await asyncio.gather(
  File "D:\Documents\Counterparty\hypetrader\hypetrader\order_manager.py", line 114, in place_limit
    return await self._submit(order)
  File "D:\Documents\Counterparty\hypetrader\hypetrader\order_manager.py", line 260, in _submit
    statuses = resp.get("response", {}).get("data", {}).get("statuses", [])
AttributeError: 'str' object has no attribute 'get'
2026-09-16T00:30:07 | ERROR    | hl_arb | Strategy error: 'str' object has no attribute 'get'
2026-09-16T00:30:08 | INFO     | hl_arb | Arb signal: SOL spread=-4.3bps | perp BUY @ 99.859 | spot SELL @ 99.9
2026-09-16T00:30:08 | INFO     | hl_arb | 📊 Arb entry: SOL | spread=-4.3bps
  Perp BUY 5.005 @ 99.859
  Spot SELL 5.005 @ 99.9
2026-09-16T00:30:08 | ERROR    | hl_arb | Strategy tick error: 'str' object has no attribute 'get'
Traceback (most recent call last):
  File "D:\Documents\Counterparty\hypetrader\hypetrader\perp_spot_arb.py", line 99, in run
    await self._tick()
  File "D:\Documents\Counterparty\hypetrader\hypetrader\perp_spot_arb.py", line 134, in _tick
    await self._check_entry(pos, perp_book, spot_book, spread_bps)
  File "D:\Documents\Counterparty\hypetrader\hypetrader\perp_spot_arb.py", line 198, in _check_entry
    perp_order, spot_order = await asyncio.gather(
  File "D:\Documents\Counterparty\hypetrader\hypetrader\order_manager.py", line 114, in place_limit
    return await self._submit(order)
  File "D:\Documents\Counterparty\hypetrader\hypetrader\order_manager.py", line 260, in _submit
    statuses = resp.get("response", {}).get("data", {}).get("statuses", [])
AttributeError: 'str' object has no attribute 'get'
2026-09-16T00:30:08 | ERROR    | hl_arb | Strategy error: 'str' object has no attribute 'get'
2026-09-16T00:30:08 | INFO     | hl_arb | Arb signal: SOL spread=-4.3bps | perp BUY @ 99.859 | spot SELL @ 99.9
2026-09-16T00:30:08 | INFO     | hl_arb | 📊 Arb entry: SOL | spread=-4.3bps
  Perp BUY 5.005 @ 99.859
  Spot SELL 5.005 @ 99.9
2026-09-16T00:30:08 | ERROR    | hl_arb | Strategy tick error: 'str' object has no attribute 'get'
Traceback (most recent call last):
  File "D:\Documents\Counterparty\hypetrader\hypetrader\perp_spot_arb.py", line 99, in run
    await self._tick()
  File "D:\Documents\Counterparty\hypetrader\hypetrader\perp_spot_arb.py", line 134, in _tick
    await self._check_entry(pos, perp_book, spot_book, spread_bps)
  File "D:\Documents\Counterparty\hypetrader\hypetrader\perp_spot_arb.py", line 198, in _check_entry
    perp_order, spot_order = await asyncio.gather(
  File "D:\Documents\Counterparty\hypetrader\hypetrader\order_manager.py", line 114, in place_limit
    return await self._submit(order)
  File "D:\Documents\Counterparty\hypetrader\hypetrader\order_manager.py", line 260, in _submit
    statuses = resp.get("response", {}).get("data", {}).get("statuses", [])
AttributeError: 'str' object has no attribute 'get'
2026-09-16T00:30:08 | ERROR    | hl_arb | Strategy error: 'str' object has no attribute 'get'
2026-09-16T00:30:08 | INFO     | hl_arb | Arb signal: SOL spread=-4.3bps | perp BUY @ 99.859 | spot SELL @ 99.9
2026-09-16T00:30:08 | INFO     | hl_arb | 📊 Arb entry: SOL | spread=-4.3bps
  Perp BUY 5.005 @ 99.859
  Spot SELL 5.005 @ 99.9
2026-09-16T00:30:09 | ERROR    | hl_arb | Strategy tick error: 'str' object has no attribute 'get'
Traceback (most recent call last):
  File "D:\Documents\Counterparty\hypetrader\hypetrader\perp_spot_arb.py", line 99, in run
    await self._tick()
  File "D:\Documents\Counterparty\hypetrader\hypetrader\perp_spot_arb.py", line 134, in _tick
    await self._check_entry(pos, perp_book, spot_book, spread_bps)
  File "D:\Documents\Counterparty\hypetrader\hypetrader\perp_spot_arb.py", line 198, in _check_entry
    perp_order, spot_order = await asyncio.gather(
  File "D:\Documents\Counterparty\hypetrader\hypetrader\order_manager.py", line 114, in place_limit
    return await self._submit(order)
  File "D:\Documents\Counterparty\hypetrader\hypetrader\order_manager.py", line 260, in _submit
    statuses = resp.get("response", {}).get("data", {}).get("statuses", [])
AttributeError: 'str' object has no attribute 'get'
2026-09-16T00:30:09 | ERROR    | hl_arb | Strategy error: 'str' object has no attribute 'get'
2026-09-16T00:30:09 | INFO     | hl_arb | Arb signal: SOL spread=-4.3bps | perp BUY @ 99.859 | spot SELL @ 99.9
2026-09-16T00:30:09 | INFO     | hl_arb | 📊 Arb entry: SOL | spread=-4.3bps
  Perp BUY 5.005 @ 99.859
  Spot SELL 5.005 @ 99.9
2026-09-16T00:30:09 | ERROR    | hl_arb | Strategy tick error: 'str' object has no attribute 'get'
Traceback (most recent call last):
  File "D:\Documents\Counterparty\hypetrader\hypetrader\perp_spot_arb.py", line 99, in run
    await self._tick()
  File "D:\Documents\Counterparty\hypetrader\hypetrader\perp_spot_arb.py", line 134, in _tick
    await self._check_entry(pos, perp_book, spot_book, spread_bps)
  File "D:\Documents\Counterparty\hypetrader\hypetrader\perp_spot_arb.py", line 198, in _check_entry
    perp_order, spot_order = await asyncio.gather(
  File "D:\Documents\Counterparty\hypetrader\hypetrader\order_manager.py", line 114, in place_limit
    return await self._submit(order)
  File "D:\Documents\Counterparty\hypetrader\hypetrader\order_manager.py", line 260, in _submit
    statuses = resp.get("response", {}).get("data", {}).get("statuses", [])
AttributeError: 'str' object has no attribute 'get'
2026-09-16T00:30:09 | ERROR    | hl_arb | Strategy error: 'str' object has no attribute 'get'
2026-09-16T00:31:02 | INFO     | hl_arb | Received SIGINT — shutting down…
2026-09-16T00:31:02 | INFO     | hl_arb | Stopping strategy and feed…
2026-09-16T00:31:02 | INFO     | hl_arb | PerpSpotArbStrategy stopping
2026-09-16T00:31:02 | INFO     | hl_arb | 🛑 Hyperliquid Arb Bot stopped
2026-09-16T00:31:02 | INFO     | hl_arb | Shutdown complete
2026-09-16T00:31:27 | INFO     | hl_arb | ============================================================
2026-09-16T00:31:27 | INFO     | hl_arb |   Hyperliquid Arb Bot starting
2026-09-16T00:31:27 | INFO     | hl_arb |   Wallet  : 0x69fA2304DD7EF1DAb42F15A5f0f0C8720d0C3Fc6
2026-09-16T00:31:27 | INFO     | hl_arb |   API URL : https://api.hyperliquid.xyz
2026-09-16T00:31:27 | INFO     | hl_arb |   Pairs   : [('ETH', 'ETH'), ('BTC', 'BTC'), ('SOL', 'SOL')]
2026-09-16T00:31:27 | INFO     | hl_arb | ============================================================
2026-09-16T00:31:27 | INFO     | hl_arb | 🤖 Hyperliquid Arb Bot started
2026-09-16T00:31:27 | INFO     | hl_arb | Loaded 234 asset indices
2026-09-16T00:31:27 | INFO     | hl_arb | OrderManager ready
2026-09-16T00:31:27 | INFO     | hl_arb | Connecting to WebSocket: wss://api.hyperliquid.xyz/ws
2026-09-16T00:31:27 | INFO     | hl_arb | PerpSpotArbStrategy starting
2026-09-16T00:31:28 | INFO     | hl_arb | WebSocket connected
2026-09-16T00:31:35 | INFO     | hl_arb | Arb signal: SOL spread=-4.1bps | perp BUY @ 99.832 | spot SELL @ 99.867
2026-09-16T00:31:35 | INFO     | hl_arb | 📊 Arb entry: SOL | spread=-4.1bps
  Perp BUY 5.0066 @ 99.832
  Spot SELL 5.0066 @ 99.867
2026-09-16T00:31:35 | ERROR    | hl_arb | Order rejected by exchange: {'status': 'err', 'response': 'User or API Wallet 0xed07f1d4b93af4e8932994e3c284b0689860442a does not exist.'}
2026-09-16T00:31:35 | ERROR    | hl_arb | Order rejected by exchange: {'status': 'err', 'response': 'User or API Wallet 0xe05dd2f7c7e20c19b573a0152e6c15747efc68ec does not exist.'}
2026-09-16T00:31:35 | ERROR    | hl_arb | Arb entry rejected for SOL; resetting without opening a position
2026-09-16T00:31:35 | INFO     | hl_arb | Arb signal: SOL spread=-4.1bps | perp BUY @ 99.832 | spot SELL @ 99.867
2026-09-16T00:31:35 | INFO     | hl_arb | 📊 Arb entry: SOL | spread=-4.1bps
  Perp BUY 5.0066 @ 99.832
  Spot SELL 5.0066 @ 99.867
2026-09-16T00:31:35 | ERROR    | hl_arb | Order rejected by exchange: {'status': 'err', 'response': 'User or API Wallet 0x9abe40f3ef42cf52d9aaa45eb90783ef321165bc does not exist.'}
2026-09-16T00:31:35 | ERROR    | hl_arb | Order rejected by exchange: {'status': 'err', 'response': 'User or API Wallet 0x9d7a127900c5ccdc43c6b364e2d4bbfd09539e75 does not exist.'}
2026-09-16T00:31:35 | ERROR    | hl_arb | Arb entry rejected for SOL; resetting without opening a position
2026-09-16T00:31:35 | INFO     | hl_arb | Arb signal: SOL spread=-4.1bps | perp BUY @ 99.832 | spot SELL @ 99.867
2026-09-16T00:31:35 | INFO     | hl_arb | 📊 Arb entry: SOL | spread=-4.1bps
  Perp BUY 5.0066 @ 99.832
  Spot SELL 5.0066 @ 99.867
2026-09-16T00:31:35 | ERROR    | hl_arb | Order rejected by exchange: {'status': 'err', 'response': 'User or API Wallet 0xbbc37bd9e8b60cbd7fba507f484598e14f2b4b4b does not exist.'}
2026-09-16T00:31:36 | ERROR    | hl_arb | Order rejected by exchange: {'status': 'err', 'response': 'User or API Wallet 0x572782b14b13f3b036d1b5747116788d67a23518 does not exist.'}
2026-09-16T00:31:36 | ERROR    | hl_arb | Arb entry rejected for SOL; resetting without opening a position
2026-09-16T00:31:36 | INFO     | hl_arb | Arb signal: SOL spread=-4.1bps | perp BUY @ 99.832 | spot SELL @ 99.867
2026-09-16T00:31:36 | INFO     | hl_arb | 📊 Arb entry: SOL | spread=-4.1bps
  Perp BUY 5.0066 @ 99.832
  Spot SELL 5.0066 @ 99.867
2026-09-16T00:31:36 | ERROR    | hl_arb | Order rejected by exchange: {'status': 'err', 'response': 'User or API Wallet 0x9bc2b20e82f25ff054eab1993ed3d27f22702bc0 does not exist.'}
2026-09-16T00:31:36 | ERROR    | hl_arb | Order rejected by exchange: {'status': 'err', 'response': 'User or API Wallet 0xe5caeab6ad18383cd80e18999a78d6ad521c00ec does not exist.'}
2026-09-16T00:31:36 | ERROR    | hl_arb | Arb entry rejected for SOL; resetting without opening a position
2026-09-16T00:31:36 | INFO     | hl_arb | Arb signal: SOL spread=-4.1bps | perp BUY @ 99.832 | spot SELL @ 99.867
2026-09-16T00:31:36 | INFO     | hl_arb | 📊 Arb entry: SOL | spread=-4.1bps
  Perp BUY 5.0066 @ 99.832
  Spot SELL 5.0066 @ 99.867
2026-09-16T00:31:36 | ERROR    | hl_arb | Order rejected by exchange: {'status': 'err', 'response': 'User or API Wallet 0x88a3f967e28bc4547238e0bdaee16025e612dccb does not exist.'}
2026-09-16T00:31:36 | ERROR    | hl_arb | Order rejected by exchange: {'status': 'err', 'response': 'User or API Wallet 0x1ec823bfb6b1595cd62921e220e56aab0c7615d6 does not exist.'}
2026-09-16T00:31:36 | ERROR    | hl_arb | Arb entry rejected for SOL; resetting without opening a position
2026-09-16T00:31:36 | INFO     | hl_arb | Arb signal: SOL spread=-4.1bps | perp BUY @ 99.832 | spot SELL @ 99.867
2026-09-16T00:31:36 | INFO     | hl_arb | 📊 Arb entry: SOL | spread=-4.1bps
  Perp BUY 5.0066 @ 99.832
  Spot SELL 5.0066 @ 99.867
2026-09-16T00:31:36 | ERROR    | hl_arb | Order rejected by exchange: {'status': 'err', 'response': 'User or API Wallet 0xbccbb736c5ea1341f15ea50b4305da4d52b27f31 does not exist.'}
2026-09-16T00:31:36 | ERROR    | hl_arb | Order rejected by exchange: {'status': 'err', 'response': 'User or API Wallet 0x4396130c1b1edcc0600f1c2667dc41bf1bfa2000 does not exist.'}
2026-09-16T00:31:36 | ERROR    | hl_arb | Arb entry rejected for SOL; resetting without opening a position
2026-09-16T00:31:37 | INFO     | hl_arb | Arb signal: SOL spread=-4.1bps | perp BUY @ 99.832 | spot SELL @ 99.867
2026-09-16T00:31:37 | INFO     | hl_arb | 📊 Arb entry: SOL | spread=-4.1bps
  Perp BUY 5.0066 @ 99.832
  Spot SELL 5.0066 @ 99.867
2026-09-16T00:31:37 | ERROR    | hl_arb | Order rejected by exchange: {'status': 'err', 'response': 'User or API Wallet 0xe3da1940a41bc2561b22f5a3d37d7f7e8248fe46 does not exist.'}
2026-09-16T00:31:37 | ERROR    | hl_arb | Order rejected by exchange: {'status': 'err', 'response': 'User or API Wallet 0xa0ec9c95c75768c9a3e2a938e2f142e1fd1df7dc does not exist.'}
2026-09-16T00:31:37 | ERROR    | hl_arb | Arb entry rejected for SOL; resetting without opening a position
2026-09-16T00:31:37 | INFO     | hl_arb | Arb signal: SOL spread=-4.1bps | perp BUY @ 99.832 | spot SELL @ 99.867
2026-09-16T00:31:37 | INFO     | hl_arb | 📊 Arb entry: SOL | spread=-4.1bps
  Perp BUY 5.0066 @ 99.832
  Spot SELL 5.0066 @ 99.867
2026-09-16T00:31:37 | ERROR    | hl_arb | Order rejected by exchange: {'status': 'err', 'response': 'User or API Wallet 0xc2c43b942b6c094e92c953f612e8b64dd887b3de does not exist.'}
2026-09-16T00:31:37 | ERROR    | hl_arb | Order rejected by exchange: {'status': 'err', 'response': 'User or API Wallet 0x6d81774bda2008adb2f991ce537599dd9d13c284 does not exist.'}
2026-09-16T00:31:37 | ERROR    | hl_arb | Arb entry rejected for SOL; resetting without opening a position
2026-09-16T00:31:37 | INFO     | hl_arb | Arb signal: SOL spread=-4.1bps | perp BUY @ 99.832 | spot SELL @ 99.867
2026-09-16T00:31:37 | INFO     | hl_arb | 📊 Arb entry: SOL | spread=-4.1bps
  Perp BUY 5.0066 @ 99.832
  Spot SELL 5.0066 @ 99.867
2026-09-16T00:31:37 | ERROR    | hl_arb | Order rejected by exchange: {'status': 'err', 'response': 'User or API Wallet 0x610091c891e2daed0b16687ff640a8b4beacd4db does not exist.'}
2026-09-16T00:31:37 | ERROR    | hl_arb | Order rejected by exchange: {'status': 'err', 'response': 'User or API Wallet 0x52b742462e2d7607b382ee0074156476d89c0a97 does not exist.'}
2026-09-16T00:31:37 | ERROR    | hl_arb | Arb entry rejected for SOL; resetting without opening a position
2026-09-16T00:31:37 | INFO     | hl_arb | Arb signal: SOL spread=-4.1bps | perp BUY @ 99.832 | spot SELL @ 99.867
2026-09-16T00:31:37 | INFO     | hl_arb | 📊 Arb entry: SOL | spread=-4.1bps
  Perp BUY 5.0066 @ 99.832
  Spot SELL 5.0066 @ 99.867
2026-09-16T00:31:38 | ERROR    | hl_arb | Order rejected by exchange: {'status': 'err', 'response': 'User or API Wallet 0x81fa257264357f2d364c1004404564a8cfadfa8c does not exist.'}
2026-09-16T00:31:38 | ERROR    | hl_arb | Order rejected by exchange: {'status': 'err', 'response': 'User or API Wallet 0x82d979329b5d79baaa2d41df92f75feef99c1d8e does not exist.'}
2026-09-16T00:31:38 | ERROR    | hl_arb | Arb entry rejected for SOL; resetting without opening a position
2026-09-16T00:31:38 | INFO     | hl_arb | Arb signal: SOL spread=-4.1bps | perp BUY @ 99.832 | spot SELL @ 99.867
2026-09-16T00:31:38 | INFO     | hl_arb | 📊 Arb entry: SOL | spread=-4.1bps
  Perp BUY 5.0066 @ 99.832
  Spot SELL 5.0066 @ 99.867
2026-09-16T00:31:38 | ERROR    | hl_arb | Order rejected by exchange: {'status': 'err', 'response': 'User or API Wallet 0x553670d817d17f1fe51ab086602c7b47686542e7 does not exist.'}
2026-09-16T00:31:38 | ERROR    | hl_arb | Order rejected by exchange: {'status': 'err', 'response': 'User or API Wallet 0x3eac93811122597ae705e1c2decb47ff94b2b4f4 does not exist.'}
2026-09-16T00:31:38 | ERROR    | hl_arb | Arb entry rejected for SOL; resetting without opening a position
2026-09-16T00:31:38 | INFO     | hl_arb | Arb signal: SOL spread=-4.1bps | perp BUY @ 99.832 | spot SELL @ 99.867
2026-09-16T00:31:38 | INFO     | hl_arb | 📊 Arb entry: SOL | spread=-4.1bps
  Perp BUY 5.0066 @ 99.832
  Spot SELL 5.0066 @ 99.867
2026-09-16T00:31:38 | ERROR    | hl_arb | Order rejected by exchange: {'status': 'err', 'response': 'User or API Wallet 0xac4a96401f94cde54fe02095355152cb56c311b3 does not exist.'}
2026-09-16T00:31:38 | ERROR    | hl_arb | Order rejected by exchange: {'status': 'err', 'response': 'User or API Wallet 0x15bef0b021e0ea0d9ac4233292af5a5988063d4a does not exist.'}
2026-09-16T00:31:38 | ERROR    | hl_arb | Arb entry rejected for SOL; resetting without opening a position
2026-09-16T00:31:38 | INFO     | hl_arb | Arb signal: SOL spread=-4.1bps | perp BUY @ 99.832 | spot SELL @ 99.867
2026-09-16T00:31:38 | INFO     | hl_arb | 📊 Arb entry: SOL | spread=-4.1bps
  Perp BUY 5.0066 @ 99.832
  Spot SELL 5.0066 @ 99.867
2026-09-16T00:31:38 | ERROR    | hl_arb | Order rejected by exchange: {'status': 'err', 'response': 'User or API Wallet 0xf261b666cacd3ed10f32527ade9f110aa33bf03e does not exist.'}
2026-09-16T00:31:38 | ERROR    | hl_arb | Order rejected by exchange: {'status': 'err', 'response': 'User or API Wallet 0xd3689b200452ed9f80f18746f7178e7cba055ebf does not exist.'}
2026-09-16T00:31:38 | ERROR    | hl_arb | Arb entry rejected for SOL; resetting without opening a position
2026-09-16T00:31:39 | INFO     | hl_arb | Arb signal: SOL spread=-4.1bps | perp BUY @ 99.832 | spot SELL @ 99.867
2026-09-16T00:31:39 | INFO     | hl_arb | 📊 Arb entry: SOL | spread=-4.1bps
  Perp BUY 5.0066 @ 99.832
  Spot SELL 5.0066 @ 99.867
2026-09-16T00:31:39 | ERROR    | hl_arb | Order rejected by exchange: {'status': 'err', 'response': 'User or API Wallet 0xd81d8730a7e93c334ce7c44e38fd478d5f0014d5 does not exist.'}
2026-09-16T00:31:39 | ERROR    | hl_arb | Order rejected by exchange: {'status': 'err', 'response': 'User or API Wallet 0x2640883d9d447cb91652b568cb28e2cd1d190f72 does not exist.'}
2026-09-16T00:31:39 | ERROR    | hl_arb | Arb entry rejected for SOL; resetting without opening a position
2026-09-16T00:31:39 | INFO     | hl_arb | Arb signal: SOL spread=-4.1bps | perp BUY @ 99.832 | spot SELL @ 99.867
2026-09-16T00:31:39 | INFO     | hl_arb | 📊 Arb entry: SOL | spread=-4.1bps
  Perp BUY 5.0066 @ 99.832
  Spot SELL 5.0066 @ 99.867
2026-09-16T00:31:39 | ERROR    | hl_arb | Order rejected by exchange: {'status': 'err', 'response': 'User or API Wallet 0xd6c95733b57857e216f882e15d441973fba337b9 does not exist.'}
2026-09-16T00:31:39 | ERROR    | hl_arb | Order rejected by exchange: {'status': 'err', 'response': 'User or API Wallet 0x094097941f2f70da5e04dd897a081d6731732338 does not exist.'}
2026-09-16T00:31:39 | ERROR    | hl_arb | Arb entry rejected for SOL; resetting without opening a position
2026-09-16T00:31:39 | INFO     | hl_arb | Arb signal: SOL spread=-4.1bps | perp BUY @ 99.832 | spot SELL @ 99.867
2026-09-16T00:31:39 | INFO     | hl_arb | 📊 Arb entry: SOL | spread=-4.1bps
  Perp BUY 5.0066 @ 99.832
  Spot SELL 5.0066 @ 99.867
2026-09-16T00:31:39 | ERROR    | hl_arb | Order rejected by exchange: {'status': 'err', 'response': 'User or API Wallet 0x1ec72109a36e57ad7602ef363ff313598043253b does not exist.'}
2026-09-16T00:31:39 | ERROR    | hl_arb | Order rejected by exchange: {'status': 'err', 'response': 'User or API Wallet 0x91b311038e4f00c84996660dbaf7cd4342e14ff7 does not exist.'}
2026-09-16T00:31:39 | ERROR    | hl_arb | Arb entry rejected for SOL; resetting without opening a position
2026-09-16T00:31:40 | INFO     | hl_arb | Arb signal: SOL spread=-4.1bps | perp BUY @ 99.832 | spot SELL @ 99.867
2026-09-16T00:31:40 | INFO     | hl_arb | 📊 Arb entry: SOL | spread=-4.1bps
  Perp BUY 5.0066 @ 99.832
  Spot SELL 5.0066 @ 99.867
2026-09-16T00:31:40 | ERROR    | hl_arb | Order rejected by exchange: {'status': 'err', 'response': 'User or API Wallet 0x50a655c07b6242f0d5ac9fd42e30ec0109fd95a0 does not exist.'}
2026-09-16T00:31:40 | ERROR    | hl_arb | Order rejected by exchange: {'status': 'err', 'response': 'User or API Wallet 0x2bffe276d340cb266d19ac8d92f6f7969869f5cd does not exist.'}
2026-09-16T00:31:40 | ERROR    | hl_arb | Arb entry rejected for SOL; resetting without opening a position
2026-09-16T00:31:56 | INFO     | hl_arb | Arb signal: SOL spread=-4.7bps | perp BUY @ 99.892 | spot SELL @ 99.932
2026-09-16T00:31:56 | INFO     | hl_arb | 📊 Arb entry: SOL | spread=-4.7bps
  Perp BUY 5.0034 @ 99.892
  Spot SELL 5.0034 @ 99.932
2026-09-16T00:31:56 | ERROR    | hl_arb | Order rejected by exchange: {'status': 'err', 'response': 'User or API Wallet 0xad1a1150121dd9ff777994a8242e3769d2ca197f does not exist.'}
2026-09-16T00:31:56 | ERROR    | hl_arb | Order rejected by exchange: {'status': 'err', 'response': 'User or API Wallet 0xb91112405bd25c13ea84daa2cdc76e11633e19c8 does not exist.'}
2026-09-16T00:31:56 | ERROR    | hl_arb | Arb entry rejected for SOL; resetting without opening a position
2026-09-16T00:31:56 | INFO     | hl_arb | Arb signal: SOL spread=-4.7bps | perp BUY @ 99.892 | spot SELL @ 99.932
2026-09-16T00:31:56 | INFO     | hl_arb | 📊 Arb entry: SOL | spread=-4.7bps
  Perp BUY 5.0034 @ 99.892
  Spot SELL 5.0034 @ 99.932
2026-09-16T00:31:57 | ERROR    | hl_arb | Order rejected by exchange: {'status': 'err', 'response': 'User or API Wallet 0xa1724bd8fdf759d365c4e1a2ba82c8df7e04294c does not exist.'}
2026-09-16T00:31:57 | ERROR    | hl_arb | Order rejected by exchange: {'status': 'err', 'response': 'User or API Wallet 0xecce9cc893c13fc5d664d67917e7c8495f0aa681 does not exist.'}
2026-09-16T00:31:57 | ERROR    | hl_arb | Arb entry rejected for SOL; resetting without opening a position
2026-09-16T00:31:57 | INFO     | hl_arb | Arb signal: SOL spread=-4.7bps | perp BUY @ 99.892 | spot SELL @ 99.932
2026-09-16T00:31:57 | INFO     | hl_arb | 📊 Arb entry: SOL | spread=-4.7bps
  Perp BUY 5.0034 @ 99.892
  Spot SELL 5.0034 @ 99.932
2026-09-16T00:31:57 | ERROR    | hl_arb | Order rejected by exchange: {'status': 'err', 'response': 'User or API Wallet 0x6b3b1b2f3f94d7d449aa87a990ea4645b904e871 does not exist.'}
2026-09-16T00:31:57 | ERROR    | hl_arb | Order rejected by exchange: {'status': 'err', 'response': 'User or API Wallet 0x5c494049919a1e4520082408afaeef4b3dad0989 does not exist.'}
2026-09-16T00:31:57 | ERROR    | hl_arb | Arb entry rejected for SOL; resetting without opening a position
2026-09-16T00:31:57 | INFO     | hl_arb | Arb signal: SOL spread=-4.7bps | perp BUY @ 99.892 | spot SELL @ 99.932
2026-09-16T00:31:57 | INFO     | hl_arb | 📊 Arb entry: SOL | spread=-4.7bps
  Perp BUY 5.0034 @ 99.892
  Spot SELL 5.0034 @ 99.932
2026-09-16T00:31:57 | ERROR    | hl_arb | Order rejected by exchange: {'status': 'err', 'response': 'User or API Wallet 0x5507794b4f55d031a6d26e00dbe0dc2172d1b68f does not exist.'}
2026-09-16T00:31:57 | ERROR    | hl_arb | Order rejected by exchange: {'status': 'err', 'response': 'User or API Wallet 0x372a09a5f84d3f0f384d316688d94d489de4bb3b does not exist.'}
2026-09-16T00:31:57 | ERROR    | hl_arb | Arb entry rejected for SOL; resetting without opening a position
2026-09-16T00:31:57 | INFO     | hl_arb | Arb signal: SOL spread=-4.7bps | perp BUY @ 99.892 | spot SELL @ 99.932
2026-09-16T00:31:57 | INFO     | hl_arb | 📊 Arb entry: SOL | spread=-4.7bps
  Perp BUY 5.0034 @ 99.892
  Spot SELL 5.0034 @ 99.932
2026-09-16T00:31:57 | ERROR    | hl_arb | Order rejected by exchange: {'status': 'err', 'response': 'User or API Wallet 0x16950c22ec74deb211cf482f816df88175800bee does not exist.'}
2026-09-16T00:31:57 | ERROR    | hl_arb | Order rejected by exchange: {'status': 'err', 'response': 'User or API Wallet 0xd7a54352512753ac1f67cf5c1e050e1f69e57a53 does not exist.'}
2026-09-16T00:31:57 | ERROR    | hl_arb | Arb entry rejected for SOL; resetting without opening a position
2026-09-16T00:31:58 | INFO     | hl_arb | Arb signal: SOL spread=-4.7bps | perp BUY @ 99.892 | spot SELL @ 99.932
2026-09-16T00:31:58 | INFO     | hl_arb | 📊 Arb entry: SOL | spread=-4.7bps
  Perp BUY 5.0034 @ 99.892
  Spot SELL 5.0034 @ 99.932
2026-09-16T00:31:58 | ERROR    | hl_arb | Order rejected by exchange: {'status': 'err', 'response': 'User or API Wallet 0xdf26baf5e498a216b4679b86421c4f8de64f8504 does not exist.'}
2026-09-16T00:31:58 | ERROR    | hl_arb | Order rejected by exchange: {'status': 'err', 'response': 'User or API Wallet 0x3360d94e72c4eba433b7b38ea7edc2b4e91a016d does not exist.'}
2026-09-16T00:31:58 | ERROR    | hl_arb | Arb entry rejected for SOL; resetting without opening a position
2026-09-16T00:31:58 | INFO     | hl_arb | Arb signal: SOL spread=-4.7bps | perp BUY @ 99.892 | spot SELL @ 99.932
2026-09-16T00:31:58 | INFO     | hl_arb | 📊 Arb entry: SOL | spread=-4.7bps
  Perp BUY 5.0034 @ 99.892
  Spot SELL 5.0034 @ 99.932
2026-09-16T00:31:58 | ERROR    | hl_arb | Order rejected by exchange: {'status': 'err', 'response': 'User or API Wallet 0x16cc747bc28fc6d8c60a266cc9797a5a4a852beb does not exist.'}
2026-09-16T00:31:58 | ERROR    | hl_arb | Order rejected by exchange: {'status': 'err', 'response': 'User or API Wallet 0x89f1aed14e189acb442865b163a4d52a0dcd086f does not exist.'}
2026-09-16T00:31:58 | ERROR    | hl_arb | Arb entry rejected for SOL; resetting without opening a position
2026-09-16T00:31:58 | INFO     | hl_arb | Arb signal: SOL spread=-4.7bps | perp BUY @ 99.892 | spot SELL @ 99.932
2026-09-16T00:31:58 | INFO     | hl_arb | 📊 Arb entry: SOL | spread=-4.7bps
  Perp BUY 5.0034 @ 99.892
  Spot SELL 5.0034 @ 99.932
2026-09-16T00:31:58 | ERROR    | hl_arb | Order rejected by exchange: {'status': 'err', 'response': 'User or API Wallet 0xc8046abb37c8a6f40e38c3b3f63b55c460829b1f does not exist.'}
2026-09-16T00:31:58 | ERROR    | hl_arb | Order rejected by exchange: {'status': 'err', 'response': 'User or API Wallet 0xeee5fa56e4324ad255d6b97d8265e7ecbd31146e does not exist.'}
2026-09-16T00:31:58 | ERROR    | hl_arb | Arb entry rejected for SOL; resetting without opening a position
2026-09-16T00:31:58 | INFO     | hl_arb | Arb signal: SOL spread=-4.7bps | perp BUY @ 99.892 | spot SELL @ 99.932
2026-09-16T00:31:58 | INFO     | hl_arb | 📊 Arb entry: SOL | spread=-4.7bps
  Perp BUY 5.0034 @ 99.892
  Spot SELL 5.0034 @ 99.932
2026-09-16T00:31:59 | ERROR    | hl_arb | Order rejected by exchange: {'status': 'err', 'response': 'User or API Wallet 0x52b4afaaf34d77ec4a7b73f00b85d837e3da80a9 does not exist.'}
2026-09-16T00:31:59 | ERROR    | hl_arb | Order rejected by exchange: {'status': 'err', 'response': 'User or API Wallet 0x60951bcb686744a85dd60ed9509ff3c37490dbc7 does not exist.'}
2026-09-16T00:31:59 | ERROR    | hl_arb | Arb entry rejected for SOL; resetting without opening a position
2026-09-16T00:31:59 | INFO     | hl_arb | Arb signal: SOL spread=-4.7bps | perp BUY @ 99.892 | spot SELL @ 99.932
2026-09-16T00:31:59 | INFO     | hl_arb | 📊 Arb entry: SOL | spread=-4.7bps
  Perp BUY 5.0034 @ 99.892
  Spot SELL 5.0034 @ 99.932
2026-09-16T00:31:59 | ERROR    | hl_arb | Order rejected by exchange: {'status': 'err', 'response': 'User or API Wallet 0xe266e85c976657a766dd4e53ca481df02d2938d2 does not exist.'}
2026-09-16T00:31:59 | ERROR    | hl_arb | Order rejected by exchange: {'status': 'err', 'response': 'User or API Wallet 0xd6bcbe5f835c93fe2d23744cf026553eeae18129 does not exist.'}
2026-09-16T00:31:59 | ERROR    | hl_arb | Arb entry rejected for SOL; resetting without opening a position
2026-09-16T00:31:59 | INFO     | hl_arb | Arb signal: SOL spread=-4.7bps | perp BUY @ 99.892 | spot SELL @ 99.932
2026-09-16T00:31:59 | INFO     | hl_arb | 📊 Arb entry: SOL | spread=-4.7bps
  Perp BUY 5.0034 @ 99.892
  Spot SELL 5.0034 @ 99.932
2026-09-16T00:31:59 | ERROR    | hl_arb | Order rejected by exchange: {'status': 'err', 'response': 'User or API Wallet 0xac9e41ba458673c82bb67cdc545c734ab055d65b does not exist.'}
2026-09-16T00:31:59 | ERROR    | hl_arb | Order rejected by exchange: {'status': 'err', 'response': 'User or API Wallet 0xa5b8f5ad9b541d6cd4f231170fe59ecb295f423a does not exist.'}
2026-09-16T00:31:59 | ERROR    | hl_arb | Arb entry rejected for SOL; resetting without opening a position
2026-09-16T00:31:59 | INFO     | hl_arb | Arb signal: SOL spread=-4.7bps | perp BUY @ 99.892 | spot SELL @ 99.932
2026-09-16T00:31:59 | INFO     | hl_arb | 📊 Arb entry: SOL | spread=-4.7bps
  Perp BUY 5.0034 @ 99.892
  Spot SELL 5.0034 @ 99.932
2026-09-16T00:32:00 | ERROR    | hl_arb | Order rejected by exchange: {'status': 'err', 'response': 'User or API Wallet 0x101898396910b80710321c8bec38ec3e59812771 does not exist.'}
2026-09-16T00:32:00 | ERROR    | hl_arb | Order rejected by exchange: {'status': 'err', 'response': 'User or API Wallet 0xe78a68c86f17031465d7097bda47da0cb62e70b1 does not exist.'}
2026-09-16T00:32:00 | ERROR    | hl_arb | Arb entry rejected for SOL; resetting without opening a position
2026-09-16T00:32:00 | INFO     | hl_arb | Arb signal: SOL spread=-4.7bps | perp BUY @ 99.892 | spot SELL @ 99.932
2026-09-16T00:32:00 | INFO     | hl_arb | 📊 Arb entry: SOL | spread=-4.7bps
  Perp BUY 5.0034 @ 99.892
  Spot SELL 5.0034 @ 99.932
2026-09-16T00:32:00 | ERROR    | hl_arb | Order rejected by exchange: {'status': 'err', 'response': 'User or API Wallet 0xd26f98335910804b80b6bdc056c39276da998052 does not exist.'}
2026-09-16T00:32:00 | ERROR    | hl_arb | Order rejected by exchange: {'status': 'err', 'response': 'User or API Wallet 0x1078a71921e2656aa5d216b0b6f05f381f63945d does not exist.'}
2026-09-16T00:32:00 | ERROR    | hl_arb | Arb entry rejected for SOL; resetting without opening a position
2026-09-16T00:32:00 | INFO     | hl_arb | Arb signal: SOL spread=-4.7bps | perp BUY @ 99.892 | spot SELL @ 99.932
2026-09-16T00:32:00 | INFO     | hl_arb | 📊 Arb entry: SOL | spread=-4.7bps
  Perp BUY 5.0034 @ 99.892
  Spot SELL 5.0034 @ 99.932
2026-09-16T00:32:00 | ERROR    | hl_arb | Order rejected by exchange: {'status': 'err', 'response': 'User or API Wallet 0x1fb9b5764d5f656b8588f7d4f1b1371eddeee78b does not exist.'}
2026-09-16T00:32:00 | ERROR    | hl_arb | Order rejected by exchange: {'status': 'err', 'response': 'User or API Wallet 0x5b9112c1bc2ee3be3b975542aae9931036b32e14 does not exist.'}
2026-09-16T00:32:00 | ERROR    | hl_arb | Arb entry rejected for SOL; resetting without opening a position
2026-09-16T00:32:00 | INFO     | hl_arb | Arb signal: SOL spread=-4.7bps | perp BUY @ 99.892 | spot SELL @ 99.932
2026-09-16T00:32:00 | INFO     | hl_arb | 📊 Arb entry: SOL | spread=-4.7bps
  Perp BUY 5.0034 @ 99.892
  Spot SELL 5.0034 @ 99.932
2026-09-16T00:32:01 | ERROR    | hl_arb | Order rejected by exchange: {'status': 'err', 'response': 'User or API Wallet 0x594affc934562707eae38cf16727a41472d2c0ab does not exist.'}
2026-09-16T00:32:01 | ERROR    | hl_arb | Order rejected by exchange: {'status': 'err', 'response': 'User or API Wallet 0x340c0682e31f1c044b5e37b3ad5c0db8f2c0b8f3 does not exist.'}
2026-09-16T00:32:01 | ERROR    | hl_arb | Arb entry rejected for SOL; resetting without opening a position
2026-09-16T00:32:01 | INFO     | hl_arb | Arb signal: SOL spread=-4.7bps | perp BUY @ 99.892 | spot SELL @ 99.932
2026-09-16T00:32:01 | INFO     | hl_arb | 📊 Arb entry: SOL | spread=-4.7bps
  Perp BUY 5.0034 @ 99.892
  Spot SELL 5.0034 @ 99.932
2026-09-16T00:32:01 | ERROR    | hl_arb | Order rejected by exchange: {'status': 'err', 'response': 'User or API Wallet 0x5f87a10dc06378467deaa1bec0a887f159fa454e does not exist.'}
2026-09-16T00:32:01 | ERROR    | hl_arb | Order rejected by exchange: {'status': 'err', 'response': 'User or API Wallet 0x788ffc3ae8177c6214acc10f16f7ebbe23a6cafa does not exist.'}
2026-09-16T00:32:01 | ERROR    | hl_arb | Arb entry rejected for SOL; resetting without opening a position
2026-09-16T00:32:01 | INFO     | hl_arb | Arb signal: SOL spread=-4.7bps | perp BUY @ 99.892 | spot SELL @ 99.932
2026-09-16T00:32:01 | INFO     | hl_arb | 📊 Arb entry: SOL | spread=-4.7bps
  Perp BUY 5.0034 @ 99.892
  Spot SELL 5.0034 @ 99.932
2026-09-16T00:32:01 | ERROR    | hl_arb | Order rejected by exchange: {'status': 'err', 'response': 'User or API Wallet 0x21605d0db45f87276c3336ee3c5882f78700b722 does not exist.'}
2026-09-16T00:32:01 | ERROR    | hl_arb | Order rejected by exchange: {'status': 'err', 'response': 'User or API Wallet 0xff9c5b255478a402cb5b3e9bfa087d9460da9368 does not exist.'}
2026-09-16T00:32:01 | ERROR    | hl_arb | Arb entry rejected for SOL; resetting without opening a position
2026-09-16T00:32:23 | INFO     | hl_arb | Arb signal: SOL spread=-5.9bps | perp BUY @ 99.753 | spot SELL @ 99.81
2026-09-16T00:32:23 | INFO     | hl_arb | 📊 Arb entry: SOL | spread=-5.9bps
  Perp BUY 5.0095 @ 99.753
  Spot SELL 5.0095 @ 99.81
2026-09-16T00:32:23 | ERROR    | hl_arb | Order rejected by exchange: {'status': 'err', 'response': 'User or API Wallet 0x42cf26f188bfbccac13a249adaa34d1eca74fe3c does not exist.'}
2026-09-16T00:32:23 | ERROR    | hl_arb | Order rejected by exchange: {'status': 'err', 'response': 'User or API Wallet 0x256f7da69eb446e638d297836945053bdaff441c does not exist.'}
2026-09-16T00:32:23 | ERROR    | hl_arb | Arb entry rejected for SOL; resetting without opening a position
2026-09-16T00:32:23 | INFO     | hl_arb | Arb signal: SOL spread=-5.9bps | perp BUY @ 99.753 | spot SELL @ 99.81
2026-09-16T00:32:23 | INFO     | hl_arb | 📊 Arb entry: SOL | spread=-5.9bps
  Perp BUY 5.0095 @ 99.753
  Spot SELL 5.0095 @ 99.81
2026-09-16T00:32:24 | ERROR    | hl_arb | Order rejected by exchange: {'status': 'err', 'response': 'User or API Wallet 0x06d2158d2d6a2d245b5821dbb1b3c66f16387e85 does not exist.'}
2026-09-16T00:32:24 | ERROR    | hl_arb | Order rejected by exchange: {'status': 'err', 'response': 'User or API Wallet 0x6345ce2d955c0a0d33492f14cb680439654b7146 does not exist.'}
2026-09-16T00:32:24 | ERROR    | hl_arb | Arb entry rejected for SOL; resetting without opening a position
2026-09-16T00:32:24 | INFO     | hl_arb | Arb signal: SOL spread=-5.9bps | perp BUY @ 99.753 | spot SELL @ 99.81
2026-09-16T00:32:24 | INFO     | hl_arb | 📊 Arb entry: SOL | spread=-5.9bps
  Perp BUY 5.0095 @ 99.753
  Spot SELL 5.0095 @ 99.81
2026-09-16T00:32:24 | ERROR    | hl_arb | Order rejected by exchange: {'status': 'err', 'response': 'User or API Wallet 0x6adda53e3abf734bb0f51ff6d64ebdb1fdf3d423 does not exist.'}
2026-09-16T00:32:24 | ERROR    | hl_arb | Order rejected by exchange: {'status': 'err', 'response': 'User or API Wallet 0xd2acdf38eadba80d75966a2150fc912ee068f65a does not exist.'}
2026-09-16T00:32:24 | ERROR    | hl_arb | Arb entry rejected for SOL; resetting without opening a position
2026-09-16T00:32:24 | INFO     | hl_arb | Arb signal: SOL spread=-5.9bps | perp BUY @ 99.753 | spot SELL @ 99.81
2026-09-16T00:32:24 | INFO     | hl_arb | 📊 Arb entry: SOL | spread=-5.9bps
  Perp BUY 5.0095 @ 99.753
  Spot SELL 5.0095 @ 99.81
2026-09-16T00:32:24 | ERROR    | hl_arb | Order rejected by exchange: {'status': 'err', 'response': 'User or API Wallet 0x57c82dc1c3fe3d7b456624f2502d3e5283c2a6e4 does not exist.'}
2026-09-16T00:32:24 | ERROR    | hl_arb | Order rejected by exchange: {'status': 'err', 'response': 'User or API Wallet 0x6e81e420135248f0766b74b8d7503a66064e3f6c does not exist.'}
2026-09-16T00:32:24 | ERROR    | hl_arb | Arb entry rejected for SOL; resetting without opening a position
2026-09-16T00:32:25 | INFO     | hl_arb | Arb signal: SOL spread=-5.9bps | perp BUY @ 99.753 | spot SELL @ 99.81
2026-09-16T00:32:25 | INFO     | hl_arb | 📊 Arb entry: SOL | spread=-5.9bps
  Perp BUY 5.0095 @ 99.753
  Spot SELL 5.0095 @ 99.81
2026-09-16T00:32:25 | ERROR    | hl_arb | Order rejected by exchange: {'status': 'err', 'response': 'User or API Wallet 0xb2d469ef1e6f3daf5c592a2ab884ee9db625f774 does not exist.'}
2026-09-16T00:32:25 | ERROR    | hl_arb | Order rejected by exchange: {'status': 'err', 'response': 'User or API Wallet 0x0b136b063d2e857b41f17f0ff31a3df98e5ad56e does not exist.'}
2026-09-16T00:32:25 | ERROR    | hl_arb | Arb entry rejected for SOL; resetting without opening a position
2026-09-16T00:32:25 | INFO     | hl_arb | Arb signal: SOL spread=-5.9bps | perp BUY @ 99.753 | spot SELL @ 99.81
2026-09-16T00:32:25 | INFO     | hl_arb | 📊 Arb entry: SOL | spread=-5.9bps
  Perp BUY 5.0095 @ 99.753
  Spot SELL 5.0095 @ 99.81
2026-09-16T00:32:25 | ERROR    | hl_arb | Order rejected by exchange: {'status': 'err', 'response': 'User or API Wallet 0x50bd48ec6cc195c75671898986130ce191c9f562 does not exist.'}
2026-09-16T00:32:25 | ERROR    | hl_arb | Order rejected by exchange: {'status': 'err', 'response': 'User or API Wallet 0xa4e77cac5f7e61763b8f2e2aa72a62dc38a86c13 does not exist.'}
2026-09-16T00:32:25 | ERROR    | hl_arb | Arb entry rejected for SOL; resetting without opening a position
2026-09-16T00:32:25 | INFO     | hl_arb | Arb signal: SOL spread=-5.9bps | perp BUY @ 99.753 | spot SELL @ 99.81
2026-09-16T00:32:25 | INFO     | hl_arb | 📊 Arb entry: SOL | spread=-5.9bps
  Perp BUY 5.0095 @ 99.753
  Spot SELL 5.0095 @ 99.81
2026-09-16T00:32:25 | ERROR    | hl_arb | Order rejected by exchange: {'status': 'err', 'response': 'User or API Wallet 0xc1941ef6c500d66b8098aeaefc65254d2afd717c does not exist.'}
2026-09-16T00:32:25 | ERROR    | hl_arb | Order rejected by exchange: {'status': 'err', 'response': 'User or API Wallet 0x9fea021498c06ddcbca225584295db5e460c79a3 does not exist.'}
2026-09-16T00:32:25 | ERROR    | hl_arb | Arb entry rejected for SOL; resetting without opening a position
2026-09-16T00:32:25 | INFO     | hl_arb | Arb signal: SOL spread=-5.9bps | perp BUY @ 99.753 | spot SELL @ 99.81
2026-09-16T00:32:25 | INFO     | hl_arb | 📊 Arb entry: SOL | spread=-5.9bps
  Perp BUY 5.0095 @ 99.753
  Spot SELL 5.0095 @ 99.81
2026-09-16T00:32:26 | ERROR    | hl_arb | Order rejected by exchange: {'status': 'err', 'response': 'User or API Wallet 0x918e1f491ce12102919d3a95b630f115d01b323d does not exist.'}
2026-09-16T00:32:26 | ERROR    | hl_arb | Order rejected by exchange: {'status': 'err', 'response': 'User or API Wallet 0x9485e51128c03c34cc8bcf32f05ae9f5af2913ca does not exist.'}
2026-09-16T00:32:26 | ERROR    | hl_arb | Arb entry rejected for SOL; resetting without opening a position
2026-09-16T00:32:26 | INFO     | hl_arb | Arb signal: SOL spread=-5.9bps | perp BUY @ 99.753 | spot SELL @ 99.81
2026-09-16T00:32:26 | INFO     | hl_arb | 📊 Arb entry: SOL | spread=-5.9bps
  Perp BUY 5.0095 @ 99.753
  Spot SELL 5.0095 @ 99.81
2026-09-16T00:32:26 | ERROR    | hl_arb | Order rejected by exchange: {'status': 'err', 'response': 'User or API Wallet 0x1df2db267be91afd748bde1ad8467bbc1377c052 does not exist.'}
2026-09-16T00:32:26 | ERROR    | hl_arb | Order rejected by exchange: {'status': 'err', 'response': 'User or API Wallet 0x4e00d6d10721e60aca3ef224bf7cb5848d66a907 does not exist.'}
2026-09-16T00:32:26 | ERROR    | hl_arb | Arb entry rejected for SOL; resetting without opening a position
2026-09-16T00:32:26 | INFO     | hl_arb | Arb signal: SOL spread=-5.9bps | perp BUY @ 99.753 | spot SELL @ 99.81
2026-09-16T00:32:26 | INFO     | hl_arb | 📊 Arb entry: SOL | spread=-5.9bps
  Perp BUY 5.0095 @ 99.753
  Spot SELL 5.0095 @ 99.81
2026-09-16T00:32:26 | ERROR    | hl_arb | Order rejected by exchange: {'status': 'err', 'response': 'User or API Wallet 0x23f8763a673655d9cff7c490ecc267972e46eac4 does not exist.'}
2026-09-16T00:32:26 | ERROR    | hl_arb | Order rejected by exchange: {'status': 'err', 'response': 'User or API Wallet 0xd43a32e7388cb9167019b76a380ec183f5e017e1 does not exist.'}
2026-09-16T00:32:26 | ERROR    | hl_arb | Arb entry rejected for SOL; resetting without opening a position
2026-09-16T00:32:26 | INFO     | hl_arb | Arb signal: SOL spread=-5.9bps | perp BUY @ 99.753 | spot SELL @ 99.81
2026-09-16T00:32:26 | INFO     | hl_arb | 📊 Arb entry: SOL | spread=-5.9bps
  Perp BUY 5.0095 @ 99.753
  Spot SELL 5.0095 @ 99.81
2026-09-16T00:32:27 | ERROR    | hl_arb | Order rejected by exchange: {'status': 'err', 'response': 'User or API Wallet 0x24df518bc730cfe3af7703bbfc690481fcdb773c does not exist.'}
2026-09-16T00:32:27 | ERROR    | hl_arb | Order rejected by exchange: {'status': 'err', 'response': 'User or API Wallet 0x0a39277f9bb4ea6d91f8f72365181754b13fac8c does not exist.'}
2026-09-16T00:32:27 | ERROR    | hl_arb | Arb entry rejected for SOL; resetting without opening a position
2026-09-16T00:32:27 | INFO     | hl_arb | Arb signal: SOL spread=-5.9bps | perp BUY @ 99.753 | spot SELL @ 99.81
2026-09-16T00:32:27 | INFO     | hl_arb | 📊 Arb entry: SOL | spread=-5.9bps
  Perp BUY 5.0095 @ 99.753
  Spot SELL 5.0095 @ 99.81
2026-09-16T00:32:27 | ERROR    | hl_arb | Order rejected by exchange: {'status': 'err', 'response': 'User or API Wallet 0x181a7643ca26a33ee5289e160372c4ebbe10ac69 does not exist.'}
2026-09-16T00:32:27 | ERROR    | hl_arb | Order rejected by exchange: {'status': 'err', 'response': 'User or API Wallet 0x042da22ac8f4224c5e77c8d4a836be5d42adb301 does not exist.'}
2026-09-16T00:32:27 | ERROR    | hl_arb | Arb entry rejected for SOL; resetting without opening a position
2026-09-16T00:32:27 | INFO     | hl_arb | Arb signal: SOL spread=-5.9bps | perp BUY @ 99.753 | spot SELL @ 99.81
2026-09-16T00:32:27 | INFO     | hl_arb | 📊 Arb entry: SOL | spread=-5.9bps
  Perp BUY 5.0095 @ 99.753
  Spot SELL 5.0095 @ 99.81
2026-09-16T00:32:27 | ERROR    | hl_arb | Order rejected by exchange: {'status': 'err', 'response': 'User or API Wallet 0x2386e9d135328a038f20770b249753fa03c0800e does not exist.'}
2026-09-16T00:32:27 | ERROR    | hl_arb | Order rejected by exchange: {'status': 'err', 'response': 'User or API Wallet 0x318a5bf182bbc60d0b64c50c3b953b979757ecd4 does not exist.'}
2026-09-16T00:32:27 | ERROR    | hl_arb | Arb entry rejected for SOL; resetting without opening a position
2026-09-16T00:32:27 | INFO     | hl_arb | Arb signal: SOL spread=-5.9bps | perp BUY @ 99.753 | spot SELL @ 99.81
2026-09-16T00:32:27 | INFO     | hl_arb | 📊 Arb entry: SOL | spread=-5.9bps
  Perp BUY 5.0095 @ 99.753
  Spot SELL 5.0095 @ 99.81
2026-09-16T00:32:27 | ERROR    | hl_arb | Order rejected by exchange: {'status': 'err', 'response': 'User or API Wallet 0x42b100605261d1806d2e97b37e026cb6a8a8f989 does not exist.'}
2026-09-16T00:32:27 | ERROR    | hl_arb | Order rejected by exchange: {'status': 'err', 'response': 'User or API Wallet 0x59ee7ceff3239806771698a538eafc3588dea3eb does not exist.'}
2026-09-16T00:32:27 | ERROR    | hl_arb | Arb entry rejected for SOL; resetting without opening a position
2026-09-16T00:32:27 | INFO     | hl_arb | Arb signal: SOL spread=-5.9bps | perp BUY @ 99.753 | spot SELL @ 99.81
2026-09-16T00:32:28 | INFO     | hl_arb | 📊 Arb entry: SOL | spread=-5.9bps
  Perp BUY 5.0095 @ 99.753
  Spot SELL 5.0095 @ 99.81
2026-09-16T00:32:28 | ERROR    | hl_arb | Order rejected by exchange: {'status': 'err', 'response': 'User or API Wallet 0xdfc51d281dcfb2340aa6ad7fa402ba64a2e00b21 does not exist.'}
2026-09-16T00:32:28 | ERROR    | hl_arb | Order rejected by exchange: {'status': 'err', 'response': 'User or API Wallet 0x2453a4191be6433723827687644c18db028f9ad6 does not exist.'}
2026-09-16T00:32:28 | ERROR    | hl_arb | Arb entry rejected for SOL; resetting without opening a position
2026-09-16T00:32:28 | INFO     | hl_arb | Arb signal: SOL spread=-5.9bps | perp BUY @ 99.753 | spot SELL @ 99.81
2026-09-16T00:32:28 | INFO     | hl_arb | 📊 Arb entry: SOL | spread=-5.9bps
  Perp BUY 5.0095 @ 99.753
  Spot SELL 5.0095 @ 99.81
2026-09-16T00:32:28 | ERROR    | hl_arb | Order rejected by exchange: {'status': 'err', 'response': 'User or API Wallet 0xa44ee8c46f6c02054f6b38748e3ca86c12d00710 does not exist.'}
2026-09-16T00:32:28 | ERROR    | hl_arb | Order rejected by exchange: {'status': 'err', 'response': 'User or API Wallet 0x2f16ea32b77e38152b763a8725821b91b641eb7f does not exist.'}
2026-09-16T00:32:28 | ERROR    | hl_arb | Arb entry rejected for SOL; resetting without opening a position
2026-09-16T00:33:07 | INFO     | hl_arb | Arb signal: SOL spread=-4.4bps | perp BUY @ 99.761 | spot SELL @ 99.796
2026-09-16T00:33:07 | INFO     | hl_arb | 📊 Arb entry: SOL | spread=-4.4bps
  Perp BUY 5.0102 @ 99.761
  Spot SELL 5.0102 @ 99.796
2026-09-16T00:33:07 | ERROR    | hl_arb | Order rejected by exchange: {'status': 'err', 'response': 'User or API Wallet 0x18ddeeca133bc9070f9fbe183be54d60a7c2dd2b does not exist.'}
2026-09-16T00:33:07 | ERROR    | hl_arb | Order rejected by exchange: {'status': 'err', 'response': 'User or API Wallet 0xda0a71c4fd27a119e7928d9f197f8440ad37eeed does not exist.'}
2026-09-16T00:33:07 | ERROR    | hl_arb | Arb entry rejected for SOL; resetting without opening a position
2026-09-16T00:33:07 | INFO     | hl_arb | Arb signal: SOL spread=-4.4bps | perp BUY @ 99.761 | spot SELL @ 99.796
2026-09-16T00:33:07 | INFO     | hl_arb | 📊 Arb entry: SOL | spread=-4.4bps
  Perp BUY 5.0102 @ 99.761
  Spot SELL 5.0102 @ 99.796
2026-09-16T00:33:07 | ERROR    | hl_arb | Order rejected by exchange: {'status': 'err', 'response': 'User or API Wallet 0x9202b65c0e91ca5d2b5e4598b487e0ef4fb18d19 does not exist.'}
2026-09-16T00:33:07 | ERROR    | hl_arb | Order rejected by exchange: {'status': 'err', 'response': 'User or API Wallet 0xdcdd38649b077a523e0ca6d769aca3114e8aa8e2 does not exist.'}
2026-09-16T00:33:07 | ERROR    | hl_arb | Arb entry rejected for SOL; resetting without opening a position
2026-09-16T00:33:08 | INFO     | hl_arb | Arb signal: SOL spread=-4.4bps | perp BUY @ 99.761 | spot SELL @ 99.796
2026-09-16T00:33:08 | INFO     | hl_arb | 📊 Arb entry: SOL | spread=-4.4bps
  Perp BUY 5.0102 @ 99.761
  Spot SELL 5.0102 @ 99.796
2026-09-16T00:33:08 | ERROR    | hl_arb | Order rejected by exchange: {'status': 'err', 'response': 'User or API Wallet 0x4dd4947aa21cb8c428917ab329bdd80544a9f1b9 does not exist.'}
2026-09-16T00:33:08 | ERROR    | hl_arb | Order rejected by exchange: {'status': 'err', 'response': 'User or API Wallet 0x6e5f4f06a2a5a7b8ccdc75ca0f8e18bdea3f0cfd does not exist.'}
2026-09-16T00:33:08 | ERROR    | hl_arb | Arb entry rejected for SOL; resetting without opening a position
2026-09-16T00:33:08 | INFO     | hl_arb | Arb signal: SOL spread=-4.4bps | perp BUY @ 99.761 | spot SELL @ 99.796
2026-09-16T00:33:08 | INFO     | hl_arb | 📊 Arb entry: SOL | spread=-4.4bps
  Perp BUY 5.0102 @ 99.761
  Spot SELL 5.0102 @ 99.796
2026-09-16T00:33:08 | ERROR    | hl_arb | Order rejected by exchange: {'status': 'err', 'response': 'User or API Wallet 0xf59118eb0beca2281ecb907f25caa9f03e083256 does not exist.'}
2026-09-16T00:33:08 | ERROR    | hl_arb | Order rejected by exchange: {'status': 'err', 'response': 'User or API Wallet 0x15f6dc8bb9a74f39cfff222504340c6f40db8962 does not exist.'}
2026-09-16T00:33:08 | ERROR    | hl_arb | Arb entry rejected for SOL; resetting without opening a position
2026-09-16T00:33:08 | INFO     | hl_arb | Arb signal: SOL spread=-4.4bps | perp BUY @ 99.761 | spot SELL @ 99.796
2026-09-16T00:33:08 | INFO     | hl_arb | 📊 Arb entry: SOL | spread=-4.4bps
  Perp BUY 5.0102 @ 99.761
  Spot SELL 5.0102 @ 99.796
2026-09-16T00:33:08 | ERROR    | hl_arb | Order rejected by exchange: {'status': 'err', 'response': 'User or API Wallet 0xe903119a7d06e98572c82ac4fe016c9db36ba809 does not exist.'}
2026-09-16T00:33:08 | ERROR    | hl_arb | Order rejected by exchange: {'status': 'err', 'response': 'User or API Wallet 0xea0989e7dea892085ce7117728289b55a60b5eed does not exist.'}
2026-09-16T00:33:08 | ERROR    | hl_arb | Arb entry rejected for SOL; resetting without opening a position
2026-09-16T00:33:08 | INFO     | hl_arb | Arb signal: SOL spread=-4.4bps | perp BUY @ 99.761 | spot SELL @ 99.796
2026-09-16T00:33:08 | INFO     | hl_arb | 📊 Arb entry: SOL | spread=-4.4bps
  Perp BUY 5.0102 @ 99.761
  Spot SELL 5.0102 @ 99.796
2026-09-16T00:33:09 | ERROR    | hl_arb | Order rejected by exchange: {'status': 'err', 'response': 'User or API Wallet 0x7910050223c8d7212b41ecf335fab9b73fd94e2d does not exist.'}
2026-09-16T00:33:09 | ERROR    | hl_arb | Order rejected by exchange: {'status': 'err', 'response': 'User or API Wallet 0x79bc701937f0eda9b2f5fb524916af578af81eeb does not exist.'}
2026-09-16T00:33:09 | ERROR    | hl_arb | Arb entry rejected for SOL; resetting without opening a position
2026-09-16T00:33:09 | INFO     | hl_arb | Arb signal: SOL spread=-4.4bps | perp BUY @ 99.761 | spot SELL @ 99.796
2026-09-16T00:33:09 | INFO     | hl_arb | 📊 Arb entry: SOL | spread=-4.4bps
  Perp BUY 5.0102 @ 99.761
  Spot SELL 5.0102 @ 99.796
2026-09-16T00:33:09 | ERROR    | hl_arb | Order rejected by exchange: {'status': 'err', 'response': 'User or API Wallet 0x34e160179706cc19c6055127588c759efc466988 does not exist.'}
2026-09-16T00:33:09 | ERROR    | hl_arb | Order rejected by exchange: {'status': 'err', 'response': 'User or API Wallet 0x76cf1fe138dff813e8505aa4483602966c8431f7 does not exist.'}
2026-09-16T00:33:09 | ERROR    | hl_arb | Arb entry rejected for SOL; resetting without opening a position
2026-09-16T00:33:09 | INFO     | hl_arb | Arb signal: SOL spread=-4.4bps | perp BUY @ 99.761 | spot SELL @ 99.796
2026-09-16T00:33:09 | INFO     | hl_arb | 📊 Arb entry: SOL | spread=-4.4bps
  Perp BUY 5.0102 @ 99.761
  Spot SELL 5.0102 @ 99.796
2026-09-16T00:33:09 | ERROR    | hl_arb | Order rejected by exchange: {'status': 'err', 'response': 'User or API Wallet 0x8e1229064b2e0fe32e6a4264403d63536602d817 does not exist.'}
2026-09-16T00:33:09 | ERROR    | hl_arb | Order rejected by exchange: {'status': 'err', 'response': 'User or API Wallet 0xaf7021b9efae5782d54d05f8e1137d3e0d84762a does not exist.'}
2026-09-16T00:33:09 | ERROR    | hl_arb | Arb entry rejected for SOL; resetting without opening a position
2026-09-16T00:33:09 | INFO     | hl_arb | Arb signal: SOL spread=-4.4bps | perp BUY @ 99.761 | spot SELL @ 99.796
2026-09-16T00:33:09 | INFO     | hl_arb | 📊 Arb entry: SOL | spread=-4.4bps
  Perp BUY 5.0102 @ 99.761
  Spot SELL 5.0102 @ 99.796
2026-09-16T00:33:09 | ERROR    | hl_arb | Order rejected by exchange: {'status': 'err', 'response': 'User or API Wallet 0xf55352d0d7a30683e3a63390ed0d414459e28855 does not exist.'}
2026-09-16T00:33:09 | ERROR    | hl_arb | Order rejected by exchange: {'status': 'err', 'response': 'User or API Wallet 0x997882bd2c6c44137029efb91e8e54c65fb12629 does not exist.'}
2026-09-16T00:33:09 | ERROR    | hl_arb | Arb entry rejected for SOL; resetting without opening a position
2026-09-16T00:33:10 | INFO     | hl_arb | Arb signal: SOL spread=-4.4bps | perp BUY @ 99.761 | spot SELL @ 99.796
2026-09-16T00:33:10 | INFO     | hl_arb | 📊 Arb entry: SOL | spread=-4.4bps
  Perp BUY 5.0102 @ 99.761
  Spot SELL 5.0102 @ 99.796
2026-09-16T00:33:10 | ERROR    | hl_arb | Order rejected by exchange: {'status': 'err', 'response': 'User or API Wallet 0xb52fcc0fbee54ff4b2e245c03b83373fedf4fd9e does not exist.'}
2026-09-16T00:33:10 | ERROR    | hl_arb | Order rejected by exchange: {'status': 'err', 'response': 'User or API Wallet 0xc57921149e3e852ec2096d354f8faa25700ce76b does not exist.'}
2026-09-16T00:33:10 | ERROR    | hl_arb | Arb entry rejected for SOL; resetting without opening a position
2026-09-16T00:33:10 | INFO     | hl_arb | Arb signal: SOL spread=-4.4bps | perp BUY @ 99.761 | spot SELL @ 99.796
2026-09-16T00:33:10 | INFO     | hl_arb | 📊 Arb entry: SOL | spread=-4.4bps
  Perp BUY 5.0102 @ 99.761
  Spot SELL 5.0102 @ 99.796
2026-09-16T00:33:10 | ERROR    | hl_arb | Order rejected by exchange: {'status': 'err', 'response': 'User or API Wallet 0x098f3b23d93f5745430c6e9ebdf78b293897b293 does not exist.'}
2026-09-16T00:33:10 | ERROR    | hl_arb | Order rejected by exchange: {'status': 'err', 'response': 'User or API Wallet 0xc2578aa64fc5e7ca6e4409646410c6beaef12d9b does not exist.'}
2026-09-16T00:33:10 | ERROR    | hl_arb | Arb entry rejected for SOL; resetting without opening a position
2026-09-16T00:33:10 | INFO     | hl_arb | Arb signal: SOL spread=-4.4bps | perp BUY @ 99.761 | spot SELL @ 99.796
2026-09-16T00:33:10 | INFO     | hl_arb | 📊 Arb entry: SOL | spread=-4.4bps
  Perp BUY 5.0102 @ 99.761
  Spot SELL 5.0102 @ 99.796
2026-09-16T00:33:10 | ERROR    | hl_arb | Order rejected by exchange: {'status': 'err', 'response': 'User or API Wallet 0xb7626ad73da7017940a1cdd44b1404551f23f57c does not exist.'}
2026-09-16T00:33:10 | ERROR    | hl_arb | Order rejected by exchange: {'status': 'err', 'response': 'User or API Wallet 0x69c430fec76342aac696e9a53453521fb53666e1 does not exist.'}
2026-09-16T00:33:10 | ERROR    | hl_arb | Arb entry rejected for SOL; resetting without opening a position
2026-09-16T00:33:11 | INFO     | hl_arb | Arb signal: SOL spread=-4.4bps | perp BUY @ 99.761 | spot SELL @ 99.796
2026-09-16T00:33:11 | INFO     | hl_arb | 📊 Arb entry: SOL | spread=-4.4bps
  Perp BUY 5.0102 @ 99.761
  Spot SELL 5.0102 @ 99.796
2026-09-16T00:33:11 | ERROR    | hl_arb | Order rejected by exchange: {'status': 'err', 'response': 'User or API Wallet 0xbf04e80c6568affcf84483922ab30f8225de7a03 does not exist.'}
2026-09-16T00:33:11 | ERROR    | hl_arb | Order rejected by exchange: {'status': 'err', 'response': 'User or API Wallet 0xcfa406d7fd508d33d1824f252fa0f24dfdd940d8 does not exist.'}
2026-09-16T00:33:11 | ERROR    | hl_arb | Arb entry rejected for SOL; resetting without opening a position
2026-09-16T00:33:11 | INFO     | hl_arb | Arb signal: SOL spread=-4.4bps | perp BUY @ 99.761 | spot SELL @ 99.796
2026-09-16T00:33:11 | INFO     | hl_arb | 📊 Arb entry: SOL | spread=-4.4bps
  Perp BUY 5.0102 @ 99.761
  Spot SELL 5.0102 @ 99.796
2026-09-16T00:33:11 | ERROR    | hl_arb | Order rejected by exchange: {'status': 'err', 'response': 'User or API Wallet 0x5d997d24ab2d894bfde4d9b4f9654f045b61c39f does not exist.'}
2026-09-16T00:33:11 | ERROR    | hl_arb | Order rejected by exchange: {'status': 'err', 'response': 'User or API Wallet 0xd5613750e3d28760f682c19254592d3788d9f030 does not exist.'}
2026-09-16T00:33:11 | ERROR    | hl_arb | Arb entry rejected for SOL; resetting without opening a position
2026-09-16T00:33:11 | INFO     | hl_arb | Arb signal: SOL spread=-4.4bps | perp BUY @ 99.761 | spot SELL @ 99.796
2026-09-16T00:33:11 | INFO     | hl_arb | 📊 Arb entry: SOL | spread=-4.4bps
  Perp BUY 5.0102 @ 99.761
  Spot SELL 5.0102 @ 99.796
2026-09-16T00:33:11 | ERROR    | hl_arb | Order rejected by exchange: {'status': 'err', 'response': 'User or API Wallet 0xc81fde3de4b00994484d719c001590393fc9d2ca does not exist.'}
2026-09-16T00:33:11 | ERROR    | hl_arb | Order rejected by exchange: {'status': 'err', 'response': 'User or API Wallet 0xebea6565a1317c24cb850d1a4c04fb4af0c2f26e does not exist.'}
2026-09-16T00:33:11 | ERROR    | hl_arb | Arb entry rejected for SOL; resetting without opening a position
2026-09-16T00:33:11 | INFO     | hl_arb | Arb signal: SOL spread=-4.4bps | perp BUY @ 99.761 | spot SELL @ 99.796
2026-09-16T00:33:11 | INFO     | hl_arb | 📊 Arb entry: SOL | spread=-4.4bps
  Perp BUY 5.0102 @ 99.761
  Spot SELL 5.0102 @ 99.796
2026-09-16T00:33:12 | ERROR    | hl_arb | Order rejected by exchange: {'status': 'err', 'response': 'User or API Wallet 0x97b78f58189d6939478cdf38846e11d52d0e6dde does not exist.'}
2026-09-16T00:33:12 | ERROR    | hl_arb | Order rejected by exchange: {'status': 'err', 'response': 'User or API Wallet 0x5353414749842f93d5703c9de8ed884079744bcd does not exist.'}
2026-09-16T00:33:12 | ERROR    | hl_arb | Arb entry rejected for SOL; resetting without opening a position
2026-09-16T00:33:12 | INFO     | hl_arb | Arb signal: SOL spread=-4.4bps | perp BUY @ 99.761 | spot SELL @ 99.796
2026-09-16T00:33:12 | INFO     | hl_arb | 📊 Arb entry: SOL | spread=-4.4bps
  Perp BUY 5.0102 @ 99.761
  Spot SELL 5.0102 @ 99.796
2026-09-16T00:33:12 | ERROR    | hl_arb | Order rejected by exchange: {'status': 'err', 'response': 'User or API Wallet 0x21fb09103045d371c35e31ba691d1f8b862b3ebd does not exist.'}
2026-09-16T00:33:12 | ERROR    | hl_arb | Order rejected by exchange: {'status': 'err', 'response': 'User or API Wallet 0xe95088a21a98363f6003cb32de83998bb551393d does not exist.'}
2026-09-16T00:33:12 | ERROR    | hl_arb | Arb entry rejected for SOL; resetting without opening a position
2026-09-16T00:33:23 | INFO     | hl_arb | Arb signal: ETH spread=-4.1bps | perp BUY @ 2433.5 | spot SELL @ 2433.9
2026-09-16T00:33:23 | INFO     | hl_arb | 📊 Arb entry: ETH | spread=-4.1bps
  Perp BUY 0.2054 @ 2433.5
  Spot SELL 0.2054 @ 2433.9
2026-09-16T00:33:23 | ERROR    | hl_arb | Order rejected by exchange: {'status': 'err', 'response': 'User or API Wallet 0x3cb04ac43cdbfb750a4e2fd1c1b3631fc9fe1491 does not exist.'}
2026-09-16T00:33:24 | ERROR    | hl_arb | Order rejected by exchange: {'status': 'err', 'response': 'User or API Wallet 0xbe47d4e13a12daef5c79a033a6921f8459ed0239 does not exist.'}
2026-09-16T00:33:24 | ERROR    | hl_arb | Arb entry rejected for ETH; resetting without opening a position
2026-09-16T00:33:24 | INFO     | hl_arb | Arb signal: ETH spread=-4.1bps | perp BUY @ 2433.5 | spot SELL @ 2433.9
2026-09-16T00:33:24 | INFO     | hl_arb | 📊 Arb entry: ETH | spread=-4.1bps
  Perp BUY 0.2054 @ 2433.5
  Spot SELL 0.2054 @ 2433.9
2026-09-16T00:33:24 | ERROR    | hl_arb | Order rejected by exchange: {'status': 'err', 'response': 'User or API Wallet 0xafd2292c71f76a47405e9e90849904300c55ffc2 does not exist.'}
2026-09-16T00:33:24 | ERROR    | hl_arb | Order rejected by exchange: {'status': 'err', 'response': 'User or API Wallet 0xb1751948be94d10b70ad2a8168eaeba2fe9f19fc does not exist.'}
2026-09-16T00:33:24 | ERROR    | hl_arb | Arb entry rejected for ETH; resetting without opening a position
2026-09-16T00:33:24 | INFO     | hl_arb | Arb signal: ETH spread=-4.1bps | perp BUY @ 2433.5 | spot SELL @ 2433.9
2026-09-16T00:33:24 | INFO     | hl_arb | 📊 Arb entry: ETH | spread=-4.1bps
  Perp BUY 0.2054 @ 2433.5
  Spot SELL 0.2054 @ 2433.9
2026-09-16T00:33:24 | ERROR    | hl_arb | Order rejected by exchange: {'status': 'err', 'response': 'User or API Wallet 0x3b8bae2c6b4c50bb43fea44064d516323aa4ce85 does not exist.'}
2026-09-16T00:33:24 | ERROR    | hl_arb | Order rejected by exchange: {'status': 'err', 'response': 'User or API Wallet 0xa784ac66d72eed68e6534f4ca4963c0c9911c896 does not exist.'}
2026-09-16T00:33:24 | ERROR    | hl_arb | Arb entry rejected for ETH; resetting without opening a position
2026-09-16T00:33:24 | INFO     | hl_arb | Arb signal: ETH spread=-4.1bps | perp BUY @ 2433.5 | spot SELL @ 2433.9
2026-09-16T00:33:24 | INFO     | hl_arb | 📊 Arb entry: ETH | spread=-4.1bps
  Perp BUY 0.2054 @ 2433.5
  Spot SELL 0.2054 @ 2433.9
2026-09-16T00:33:24 | ERROR    | hl_arb | Order rejected by exchange: {'status': 'err', 'response': 'User or API Wallet 0xfa66c4f86a3ea564b069ad98c8d6833112ea13da does not exist.'}
2026-09-16T00:33:24 | ERROR    | hl_arb | Order rejected by exchange: {'status': 'err', 'response': 'User or API Wallet 0xba4f51d101620aab95c849094ca2c4adcd895b78 does not exist.'}
2026-09-16T00:33:24 | ERROR    | hl_arb | Arb entry rejected for ETH; resetting without opening a position
2026-09-16T00:33:25 | INFO     | hl_arb | Arb signal: ETH spread=-4.1bps | perp BUY @ 2433.5 | spot SELL @ 2433.9
2026-09-16T00:33:25 | INFO     | hl_arb | 📊 Arb entry: ETH | spread=-4.1bps
  Perp BUY 0.2054 @ 2433.5
  Spot SELL 0.2054 @ 2433.9
2026-09-16T00:33:25 | ERROR    | hl_arb | Order rejected by exchange: {'status': 'err', 'response': 'User or API Wallet 0x4635a34a62e7eaa0368c540d2ee7cc5c56e4fda9 does not exist.'}
2026-09-16T00:33:25 | ERROR    | hl_arb | Order rejected by exchange: {'status': 'err', 'response': 'User or API Wallet 0x6e929eba265063cbacd71b81eae8e97497420efb does not exist.'}
2026-09-16T00:33:25 | ERROR    | hl_arb | Arb entry rejected for ETH; resetting without opening a position
2026-09-16T00:33:25 | INFO     | hl_arb | Arb signal: ETH spread=-4.1bps | perp BUY @ 2433.5 | spot SELL @ 2433.9
2026-09-16T00:33:25 | INFO     | hl_arb | 📊 Arb entry: ETH | spread=-4.1bps
  Perp BUY 0.2054 @ 2433.5
  Spot SELL 0.2054 @ 2433.9
2026-09-16T00:33:25 | ERROR    | hl_arb | Order rejected by exchange: {'status': 'err', 'response': 'User or API Wallet 0x979fb1283733991e3932b2bab24c6425e71f3e72 does not exist.'}
2026-09-16T00:33:25 | ERROR    | hl_arb | Order rejected by exchange: {'status': 'err', 'response': 'User or API Wallet 0xd7a092af311785219f7cd3c3d5806a01c77989e6 does not exist.'}
2026-09-16T00:33:25 | ERROR    | hl_arb | Arb entry rejected for ETH; resetting without opening a position
2026-09-16T00:33:25 | INFO     | hl_arb | Arb signal: ETH spread=-4.1bps | perp BUY @ 2433.5 | spot SELL @ 2433.9
2026-09-16T00:33:25 | INFO     | hl_arb | 📊 Arb entry: ETH | spread=-4.1bps
  Perp BUY 0.2054 @ 2433.5
  Spot SELL 0.2054 @ 2433.9
2026-09-16T00:33:25 | ERROR    | hl_arb | Order rejected by exchange: {'status': 'err', 'response': 'User or API Wallet 0x4f074cd5bec5597e9aefe4da7b7c2885653766a2 does not exist.'}
2026-09-16T00:33:25 | ERROR    | hl_arb | Order rejected by exchange: {'status': 'err', 'response': 'User or API Wallet 0x9a2554c2e44dba392b4d0845dea1152a863eb259 does not exist.'}
2026-09-16T00:33:25 | ERROR    | hl_arb | Arb entry rejected for ETH; resetting without opening a position
2026-09-16T00:33:25 | INFO     | hl_arb | Arb signal: ETH spread=-4.1bps | perp BUY @ 2433.5 | spot SELL @ 2433.9
2026-09-16T00:33:25 | INFO     | hl_arb | 📊 Arb entry: ETH | spread=-4.1bps
  Perp BUY 0.2054 @ 2433.5
  Spot SELL 0.2054 @ 2433.9
2026-09-16T00:33:25 | ERROR    | hl_arb | Order rejected by exchange: {'status': 'err', 'response': 'User or API Wallet 0x91839fed4e6181582765108db00ef376704a6f68 does not exist.'}
2026-09-16T00:33:25 | ERROR    | hl_arb | Order rejected by exchange: {'status': 'err', 'response': 'User or API Wallet 0x01fb3950a95b830e5a1c4814ca7c4614fdffaa89 does not exist.'}
2026-09-16T00:33:25 | ERROR    | hl_arb | Arb entry rejected for ETH; resetting without opening a position
2026-09-16T00:33:26 | INFO     | hl_arb | Arb signal: ETH spread=-4.1bps | perp BUY @ 2433.5 | spot SELL @ 2433.9
2026-09-16T00:33:26 | INFO     | hl_arb | 📊 Arb entry: ETH | spread=-4.1bps
  Perp BUY 0.2054 @ 2433.5
  Spot SELL 0.2054 @ 2433.9
2026-09-16T00:33:26 | ERROR    | hl_arb | Order rejected by exchange: {'status': 'err', 'response': 'User or API Wallet 0xfe9d96ce8a64779800bb9a5b627bf39d6dcd447c does not exist.'}
2026-09-16T00:33:26 | ERROR    | hl_arb | Order rejected by exchange: {'status': 'err', 'response': 'User or API Wallet 0xdba76d716659e42eec86cb66207f6b2d41fcd1d2 does not exist.'}
2026-09-16T00:33:26 | ERROR    | hl_arb | Arb entry rejected for ETH; resetting without opening a position
2026-09-16T00:33:26 | INFO     | hl_arb | Arb signal: ETH spread=-4.1bps | perp BUY @ 2433.5 | spot SELL @ 2433.9
2026-09-16T00:33:26 | INFO     | hl_arb | 📊 Arb entry: ETH | spread=-4.1bps
  Perp BUY 0.2054 @ 2433.5
  Spot SELL 0.2054 @ 2433.9
2026-09-16T00:33:26 | ERROR    | hl_arb | Order rejected by exchange: {'status': 'err', 'response': 'User or API Wallet 0xe50346ef787a3c5fe76db1f8a9f2cc2a581e708b does not exist.'}
2026-09-16T00:33:26 | ERROR    | hl_arb | Order rejected by exchange: {'status': 'err', 'response': 'User or API Wallet 0x03d926441ec3429b46a69a62d945680a41db7e35 does not exist.'}
2026-09-16T00:33:26 | ERROR    | hl_arb | Arb entry rejected for ETH; resetting without opening a position
2026-09-16T00:33:26 | INFO     | hl_arb | Arb signal: ETH spread=-4.1bps | perp BUY @ 2433.5 | spot SELL @ 2433.9
2026-09-16T00:33:26 | INFO     | hl_arb | 📊 Arb entry: ETH | spread=-4.1bps
  Perp BUY 0.2054 @ 2433.5
  Spot SELL 0.2054 @ 2433.9
2026-09-16T00:33:26 | ERROR    | hl_arb | Order rejected by exchange: {'status': 'err', 'response': 'User or API Wallet 0x2d210538f0bff37086e144ce27b84684da7c19dc does not exist.'}
2026-09-16T00:33:26 | ERROR    | hl_arb | Order rejected by exchange: {'status': 'err', 'response': 'User or API Wallet 0xb62002ad718a963b4427131d2ccc0cfe3385a9d0 does not exist.'}
2026-09-16T00:33:26 | ERROR    | hl_arb | Arb entry rejected for ETH; resetting without opening a position
2026-09-16T00:33:26 | INFO     | hl_arb | Arb signal: ETH spread=-4.1bps | perp BUY @ 2433.5 | spot SELL @ 2433.9
2026-09-16T00:33:26 | INFO     | hl_arb | 📊 Arb entry: ETH | spread=-4.1bps
  Perp BUY 0.2054 @ 2433.5
  Spot SELL 0.2054 @ 2433.9
2026-09-16T00:33:27 | ERROR    | hl_arb | Order rejected by exchange: {'status': 'err', 'response': 'User or API Wallet 0xf3a53499f729c8e04830648c324ae9142bc2ed1f does not exist.'}
2026-09-16T00:33:27 | ERROR    | hl_arb | Order rejected by exchange: {'status': 'err', 'response': 'User or API Wallet 0xc502742ffe8423ac343bcfc4f56d98f4d3f43212 does not exist.'}
2026-09-16T00:33:27 | ERROR    | hl_arb | Arb entry rejected for ETH; resetting without opening a position
2026-09-16T00:33:27 | INFO     | hl_arb | Arb signal: ETH spread=-4.1bps | perp BUY @ 2433.5 | spot SELL @ 2433.9
2026-09-16T00:33:27 | INFO     | hl_arb | 📊 Arb entry: ETH | spread=-4.1bps
  Perp BUY 0.2054 @ 2433.5
  Spot SELL 0.2054 @ 2433.9
2026-09-16T00:33:27 | ERROR    | hl_arb | Order rejected by exchange: {'status': 'err', 'response': 'User or API Wallet 0xb14f8022cf3b2102aa8fa2ed99a5b4db2539c924 does not exist.'}
2026-09-16T00:33:27 | ERROR    | hl_arb | Order rejected by exchange: {'status': 'err', 'response': 'User or API Wallet 0x3aa748821820b6c3c25a64b22a9bf5fa938612b9 does not exist.'}
2026-09-16T00:33:27 | ERROR    | hl_arb | Arb entry rejected for ETH; resetting without opening a position
2026-09-16T00:33:27 | INFO     | hl_arb | Arb signal: ETH spread=-4.1bps | perp BUY @ 2433.5 | spot SELL @ 2433.9
2026-09-16T00:33:27 | INFO     | hl_arb | 📊 Arb entry: ETH | spread=-4.1bps
  Perp BUY 0.2054 @ 2433.5
  Spot SELL 0.2054 @ 2433.9
2026-09-16T00:33:27 | ERROR    | hl_arb | Order rejected by exchange: {'status': 'err', 'response': 'User or API Wallet 0x6ed74e2b6b899e597735795b582591e2a16f0cd2 does not exist.'}
2026-09-16T00:33:27 | ERROR    | hl_arb | Order rejected by exchange: {'status': 'err', 'response': 'User or API Wallet 0xff1754b01fbf90cbcb1296a6bca5c5bef0afda68 does not exist.'}
2026-09-16T00:33:27 | ERROR    | hl_arb | Arb entry rejected for ETH; resetting without opening a position
2026-09-16T00:33:27 | INFO     | hl_arb | Arb signal: ETH spread=-4.1bps | perp BUY @ 2433.5 | spot SELL @ 2433.9
2026-09-16T00:33:27 | INFO     | hl_arb | 📊 Arb entry: ETH | spread=-4.1bps
  Perp BUY 0.2054 @ 2433.5
  Spot SELL 0.2054 @ 2433.9
2026-09-16T00:33:27 | ERROR    | hl_arb | Order rejected by exchange: {'status': 'err', 'response': 'User or API Wallet 0x924bb8f90c1c21f1a30e2fcf139ccb13fedfcd3c does not exist.'}
2026-09-16T00:33:27 | ERROR    | hl_arb | Order rejected by exchange: {'status': 'err', 'response': 'User or API Wallet 0x38e2f8ac9ed7ee9c5352f0be0661fe67b3c7d884 does not exist.'}
2026-09-16T00:33:27 | ERROR    | hl_arb | Arb entry rejected for ETH; resetting without opening a position
2026-09-16T00:33:28 | INFO     | hl_arb | Arb signal: ETH spread=-4.1bps | perp BUY @ 2433.5 | spot SELL @ 2433.9
2026-09-16T00:33:28 | INFO     | hl_arb | 📊 Arb entry: ETH | spread=-4.1bps
  Perp BUY 0.2054 @ 2433.5
  Spot SELL 0.2054 @ 2433.9
2026-09-16T00:33:28 | ERROR    | hl_arb | Order rejected by exchange: {'status': 'err', 'response': 'User or API Wallet 0x6db228502268f417478d2de8c9a1cc168faac6cc does not exist.'}
2026-09-16T00:33:28 | ERROR    | hl_arb | Order rejected by exchange: {'status': 'err', 'response': 'User or API Wallet 0x3af7b01e772518df4c9325d12ad2e00f631f784a does not exist.'}
2026-09-16T00:33:28 | ERROR    | hl_arb | Arb entry rejected for ETH; resetting without opening a position
2026-09-16T00:33:28 | INFO     | hl_arb | Arb signal: ETH spread=-4.1bps | perp BUY @ 2433.5 | spot SELL @ 2433.9
2026-09-16T00:33:28 | INFO     | hl_arb | 📊 Arb entry: ETH | spread=-4.1bps
  Perp BUY 0.2054 @ 2433.5
  Spot SELL 0.2054 @ 2433.9
2026-09-16T00:33:28 | ERROR    | hl_arb | Order rejected by exchange: {'status': 'err', 'response': 'User or API Wallet 0xf001c2edf3d6fb71059dec585429636b2786bb61 does not exist.'}
2026-09-16T00:33:28 | ERROR    | hl_arb | Order rejected by exchange: {'status': 'err', 'response': 'User or API Wallet 0x9b7cb417103e81c4cbc2209fe352d39aa3e212db does not exist.'}
2026-09-16T00:33:28 | ERROR    | hl_arb | Arb entry rejected for ETH; resetting without opening a position
2026-09-16T00:33:28 | INFO     | hl_arb | Arb signal: ETH spread=-4.1bps | perp BUY @ 2433.5 | spot SELL @ 2433.9
2026-09-16T00:33:28 | INFO     | hl_arb | 📊 Arb entry: ETH | spread=-4.1bps
  Perp BUY 0.2054 @ 2433.5
  Spot SELL 0.2054 @ 2433.9
2026-09-16T00:33:28 | ERROR    | hl_arb | Order rejected by exchange: {'status': 'err', 'response': 'User or API Wallet 0x7c3aaa88220918dbebb8d1565cae7569f453afce does not exist.'}
2026-09-16T00:33:28 | ERROR    | hl_arb | Order rejected by exchange: {'status': 'err', 'response': 'User or API Wallet 0xcb871e41db92bd95b7c41ad4b2609508ce2c5a5e does not exist.'}
2026-09-16T00:33:28 | ERROR    | hl_arb | Arb entry rejected for ETH; resetting without opening a position
2026-09-16T00:34:05 | INFO     | hl_arb | Received SIGINT — shutting down…
2026-09-16T00:34:05 | INFO     | hl_arb | Stopping strategy and feed…
2026-09-16T00:34:05 | INFO     | hl_arb | PerpSpotArbStrategy stopping
2026-09-16T00:34:05 | INFO     | hl_arb | 🛑 Hyperliquid Arb Bot stopped
2026-09-16T00:34:05 | INFO     | hl_arb | Shutdown complete
2026-09-16T00:34:10 | INFO     | hl_arb | ============================================================
2026-09-16T00:34:10 | INFO     | hl_arb |   Hyperliquid Arb Bot starting
2026-09-16T00:34:10 | INFO     | hl_arb |   Wallet  : 0x69fA2304DD7EF1DAb42F15A5f0f0C8720d0C3Fc6
2026-09-16T00:34:10 | INFO     | hl_arb |   API URL : https://api.hyperliquid.xyz
2026-09-16T00:34:10 | INFO     | hl_arb |   Pairs   : [('ETH', 'ETH'), ('BTC', 'BTC'), ('SOL', 'SOL')]
2026-09-16T00:34:10 | INFO     | hl_arb | ============================================================
2026-09-16T00:34:10 | INFO     | hl_arb | 🤖 Hyperliquid Arb Bot started
2026-09-16T00:34:10 | INFO     | hl_arb | Loaded 234 asset indices
2026-09-16T00:34:10 | INFO     | hl_arb | OrderManager ready
2026-09-16T00:34:10 | INFO     | hl_arb | Connecting to WebSocket: wss://api.hyperliquid.xyz/ws
2026-09-16T00:34:10 | INFO     | hl_arb | PerpSpotArbStrategy starting
2026-09-16T00:34:10 | INFO     | hl_arb | WebSocket connected
2026-09-16T00:34:54 | INFO     | hl_arb | Arb signal: SOL spread=-4.0bps | perp BUY @ 99.701 | spot SELL @ 99.74
2026-09-16T00:34:54 | INFO     | hl_arb | 📊 Arb entry: SOL | spread=-4.0bps
  Perp BUY 5.013 @ 99.701
  Spot SELL 5.013 @ 99.74
2026-09-16T00:34:54 | ERROR    | hl_arb | Order rejected by exchange: {'status': 'err', 'response': 'User or API Wallet 0x65956a35a23f4d06427b2b3bf3be36cc4d033bb3 does not exist.'}
2026-09-16T00:34:54 | ERROR    | hl_arb | Order rejected by exchange: {'status': 'err', 'response': 'User or API Wallet 0xb7f5cc66335716aa4d6b1dbcc57abc87da6410c8 does not exist.'}
2026-09-16T00:34:54 | ERROR    | hl_arb | Arb entry rejected for SOL; resetting without opening a position
2026-09-16T00:34:54 | INFO     | hl_arb | Arb signal: SOL spread=-4.0bps | perp BUY @ 99.701 | spot SELL @ 99.74
2026-09-16T00:34:54 | INFO     | hl_arb | 📊 Arb entry: SOL | spread=-4.0bps
  Perp BUY 5.013 @ 99.701
  Spot SELL 5.013 @ 99.74
2026-09-16T00:34:55 | ERROR    | hl_arb | Order rejected by exchange: {'status': 'err', 'response': 'User or API Wallet 0xeda0e8fcda103ec8f99b2747d1cceedd4df745ec does not exist.'}
2026-09-16T00:34:55 | ERROR    | hl_arb | Order rejected by exchange: {'status': 'err', 'response': 'User or API Wallet 0xd80dd9c9b83ad1529b0817bacfb28488900cbacc does not exist.'}
2026-09-16T00:34:55 | ERROR    | hl_arb | Arb entry rejected for SOL; resetting without opening a position
2026-09-16T00:34:55 | INFO     | hl_arb | Arb signal: SOL spread=-4.0bps | perp BUY @ 99.701 | spot SELL @ 99.74
2026-09-16T00:34:55 | INFO     | hl_arb | 📊 Arb entry: SOL | spread=-4.0bps
  Perp BUY 5.013 @ 99.701
  Spot SELL 5.013 @ 99.74
2026-09-16T00:34:55 | ERROR    | hl_arb | Order rejected by exchange: {'status': 'err', 'response': 'User or API Wallet 0xdf224386579a52a4b742517f28ff64fb50e47549 does not exist.'}
2026-09-16T00:34:55 | ERROR    | hl_arb | Order rejected by exchange: {'status': 'err', 'response': 'User or API Wallet 0xddb01a543facd0518959fdb841f26172b15914a8 does not exist.'}
2026-09-16T00:34:55 | ERROR    | hl_arb | Arb entry rejected for SOL; resetting without opening a position
2026-09-16T00:34:55 | INFO     | hl_arb | Arb signal: SOL spread=-4.0bps | perp BUY @ 99.701 | spot SELL @ 99.74
2026-09-16T00:34:55 | INFO     | hl_arb | 📊 Arb entry: SOL | spread=-4.0bps
  Perp BUY 5.013 @ 99.701
  Spot SELL 5.013 @ 99.74
2026-09-16T00:34:55 | ERROR    | hl_arb | Order rejected by exchange: {'status': 'err', 'response': 'User or API Wallet 0x55a8217e7faee6be5103330139c53b3a421e69f2 does not exist.'}
2026-09-16T00:34:55 | ERROR    | hl_arb | Order rejected by exchange: {'status': 'err', 'response': 'User or API Wallet 0xad5cecc69f9c1215579cd2e8e16de948cd911027 does not exist.'}
2026-09-16T00:34:55 | ERROR    | hl_arb | Arb entry rejected for SOL; resetting without opening a position
2026-09-16T00:34:55 | INFO     | hl_arb | Arb signal: SOL spread=-4.0bps | perp BUY @ 99.701 | spot SELL @ 99.74
2026-09-16T00:34:55 | INFO     | hl_arb | 📊 Arb entry: SOL | spread=-4.0bps
  Perp BUY 5.013 @ 99.701
  Spot SELL 5.013 @ 99.74
2026-09-16T00:34:56 | ERROR    | hl_arb | Order rejected by exchange: {'status': 'err', 'response': 'User or API Wallet 0xda43267e9d12e67f299a7d8dab98e7acf0e03064 does not exist.'}
2026-09-16T00:34:56 | ERROR    | hl_arb | Order rejected by exchange: {'status': 'err', 'response': 'User or API Wallet 0x9c23e9cd961a6c3ca5c2e1f52eb511bc324db4ac does not exist.'}
2026-09-16T00:34:56 | ERROR    | hl_arb | Arb entry rejected for SOL; resetting without opening a position
2026-09-16T00:34:56 | INFO     | hl_arb | Arb signal: SOL spread=-4.0bps | perp BUY @ 99.701 | spot SELL @ 99.74
2026-09-16T00:34:56 | INFO     | hl_arb | 📊 Arb entry: SOL | spread=-4.0bps
  Perp BUY 5.013 @ 99.701
  Spot SELL 5.013 @ 99.74
2026-09-16T00:34:56 | ERROR    | hl_arb | Order rejected by exchange: {'status': 'err', 'response': 'User or API Wallet 0x95641f437fbcc1008d39ee31c6abdeafd6a9afd8 does not exist.'}
2026-09-16T00:34:56 | ERROR    | hl_arb | Order rejected by exchange: {'status': 'err', 'response': 'User or API Wallet 0x2710496cc761e95226ece93b3420ed71bd99e376 does not exist.'}
2026-09-16T00:34:56 | ERROR    | hl_arb | Arb entry rejected for SOL; resetting without opening a position
2026-09-16T00:34:56 | INFO     | hl_arb | Arb signal: SOL spread=-4.0bps | perp BUY @ 99.701 | spot SELL @ 99.74
2026-09-16T00:34:56 | INFO     | hl_arb | 📊 Arb entry: SOL | spread=-4.0bps
  Perp BUY 5.013 @ 99.701
  Spot SELL 5.013 @ 99.74
2026-09-16T00:34:56 | ERROR    | hl_arb | Order rejected by exchange: {'status': 'err', 'response': 'User or API Wallet 0x9171a98906e2dd063c396054c9370904fd8ed79b does not exist.'}
2026-09-16T00:34:56 | ERROR    | hl_arb | Order rejected by exchange: {'status': 'err', 'response': 'User or API Wallet 0x843b107f9a6ae90d2d3828fadbc66fabf527de08 does not exist.'}
2026-09-16T00:34:56 | ERROR    | hl_arb | Arb entry rejected for SOL; resetting without opening a position
2026-09-16T00:34:56 | INFO     | hl_arb | Arb signal: SOL spread=-4.0bps | perp BUY @ 99.701 | spot SELL @ 99.74
2026-09-16T00:34:56 | INFO     | hl_arb | 📊 Arb entry: SOL | spread=-4.0bps
  Perp BUY 5.013 @ 99.701
  Spot SELL 5.013 @ 99.74
2026-09-16T00:34:56 | ERROR    | hl_arb | Order rejected by exchange: {'status': 'err', 'response': 'User or API Wallet 0x01e65a34cc87cc4133db0542382e292066b183c3 does not exist.'}
2026-09-16T00:34:57 | ERROR    | hl_arb | Order rejected by exchange: {'status': 'err', 'response': 'User or API Wallet 0xe1708613072c2fa696fa1ab44eb5f96b2277df86 does not exist.'}
2026-09-16T00:34:57 | ERROR    | hl_arb | Arb entry rejected for SOL; resetting without opening a position
2026-09-16T00:34:57 | INFO     | hl_arb | Arb signal: SOL spread=-4.0bps | perp BUY @ 99.701 | spot SELL @ 99.74
2026-09-16T00:34:57 | INFO     | hl_arb | 📊 Arb entry: SOL | spread=-4.0bps
  Perp BUY 5.013 @ 99.701
  Spot SELL 5.013 @ 99.74
2026-09-16T00:34:57 | ERROR    | hl_arb | Order rejected by exchange: {'status': 'err', 'response': 'User or API Wallet 0x72095150abb4015e5d4faf6f281c0e617dd78f14 does not exist.'}
2026-09-16T00:34:57 | ERROR    | hl_arb | Order rejected by exchange: {'status': 'err', 'response': 'User or API Wallet 0xb180e6090a932f1ecd28c6afeab092d1d3c23b02 does not exist.'}
2026-09-16T00:34:57 | ERROR    | hl_arb | Arb entry rejected for SOL; resetting without opening a position
2026-09-16T00:34:57 | INFO     | hl_arb | Arb signal: SOL spread=-4.0bps | perp BUY @ 99.701 | spot SELL @ 99.74
2026-09-16T00:34:57 | INFO     | hl_arb | 📊 Arb entry: SOL | spread=-4.0bps
  Perp BUY 5.013 @ 99.701
  Spot SELL 5.013 @ 99.74
2026-09-16T00:34:57 | ERROR    | hl_arb | Order rejected by exchange: {'status': 'err', 'response': 'User or API Wallet 0x91135c46e62436e6aab888567d191cda72a79dbc does not exist.'}
2026-09-16T00:34:57 | ERROR    | hl_arb | Order rejected by exchange: {'status': 'err', 'response': 'User or API Wallet 0xdf84e30e16faec29ee1ce437dfcba1ef544a15fc does not exist.'}
2026-09-16T00:34:57 | ERROR    | hl_arb | Arb entry rejected for SOL; resetting without opening a position
2026-09-16T00:34:57 | INFO     | hl_arb | Arb signal: SOL spread=-4.0bps | perp BUY @ 99.701 | spot SELL @ 99.74
2026-09-16T00:34:57 | INFO     | hl_arb | 📊 Arb entry: SOL | spread=-4.0bps
  Perp BUY 5.013 @ 99.701
  Spot SELL 5.013 @ 99.74
2026-09-16T00:34:57 | ERROR    | hl_arb | Order rejected by exchange: {'status': 'err', 'response': 'User or API Wallet 0x02016b37751f59c107984c0fe827b02aa4bdaaa1 does not exist.'}
2026-09-16T00:34:57 | ERROR    | hl_arb | Order rejected by exchange: {'status': 'err', 'response': 'User or API Wallet 0x52332a02b50eaf69a3d6b6d6511c2cb8ac9d96d1 does not exist.'}
2026-09-16T00:34:57 | ERROR    | hl_arb | Arb entry rejected for SOL; resetting without opening a position
2026-09-16T00:34:58 | INFO     | hl_arb | Arb signal: SOL spread=-4.0bps | perp BUY @ 99.701 | spot SELL @ 99.74
2026-09-16T00:34:58 | INFO     | hl_arb | 📊 Arb entry: SOL | spread=-4.0bps
  Perp BUY 5.013 @ 99.701
  Spot SELL 5.013 @ 99.74
2026-09-16T00:34:58 | ERROR    | hl_arb | Order rejected by exchange: {'status': 'err', 'response': 'User or API Wallet 0xb050805c6f71e5c61879f71b906fc59a01c6f6e7 does not exist.'}
2026-09-16T00:34:58 | ERROR    | hl_arb | Order rejected by exchange: {'status': 'err', 'response': 'User or API Wallet 0xa1e6dbac4d00397601848a2c5d2a65cab8d6ef87 does not exist.'}
2026-09-16T00:34:58 | ERROR    | hl_arb | Arb entry rejected for SOL; resetting without opening a position
2026-09-16T00:34:58 | INFO     | hl_arb | Arb signal: SOL spread=-4.0bps | perp BUY @ 99.701 | spot SELL @ 99.74
2026-09-16T00:34:58 | INFO     | hl_arb | 📊 Arb entry: SOL | spread=-4.0bps
  Perp BUY 5.013 @ 99.701
  Spot SELL 5.013 @ 99.74
2026-09-16T00:34:58 | ERROR    | hl_arb | Order rejected by exchange: {'status': 'err', 'response': 'User or API Wallet 0x652be44636988250dddd55854adbbc8a8aa0dd8e does not exist.'}
2026-09-16T00:34:58 | ERROR    | hl_arb | Order rejected by exchange: {'status': 'err', 'response': 'User or API Wallet 0x1e84cf5ad05f82073b4d0b5ec40313c8e8d6e2e1 does not exist.'}
2026-09-16T00:34:58 | ERROR    | hl_arb | Arb entry rejected for SOL; resetting without opening a position
2026-09-16T00:34:58 | INFO     | hl_arb | Arb signal: SOL spread=-4.0bps | perp BUY @ 99.701 | spot SELL @ 99.74
2026-09-16T00:34:58 | INFO     | hl_arb | 📊 Arb entry: SOL | spread=-4.0bps
  Perp BUY 5.013 @ 99.701
  Spot SELL 5.013 @ 99.74
2026-09-16T00:34:58 | ERROR    | hl_arb | Order rejected by exchange: {'status': 'err', 'response': 'User or API Wallet 0x8dceb3a33e0570afa7c24b85bc2e5d62e3618bce does not exist.'}
2026-09-16T00:34:58 | ERROR    | hl_arb | Order rejected by exchange: {'status': 'err', 'response': 'User or API Wallet 0xc1f9498c488d41572229d5fc8d6b666c8ecb4b18 does not exist.'}
2026-09-16T00:34:58 | ERROR    | hl_arb | Arb entry rejected for SOL; resetting without opening a position
2026-09-16T00:34:58 | INFO     | hl_arb | Arb signal: SOL spread=-4.0bps | perp BUY @ 99.701 | spot SELL @ 99.74
2026-09-16T00:34:58 | INFO     | hl_arb | 📊 Arb entry: SOL | spread=-4.0bps
  Perp BUY 5.013 @ 99.701
  Spot SELL 5.013 @ 99.74
2026-09-16T00:34:59 | ERROR    | hl_arb | Order rejected by exchange: {'status': 'err', 'response': 'User or API Wallet 0x028f9095c1f73b2d86b38e30b40675f25e9f37ed does not exist.'}
2026-09-16T00:34:59 | ERROR    | hl_arb | Order rejected by exchange: {'status': 'err', 'response': 'User or API Wallet 0xfe3dc1fe398af1068e2569b961b465647bf59cd1 does not exist.'}
2026-09-16T00:34:59 | ERROR    | hl_arb | Arb entry rejected for SOL; resetting without opening a position
2026-09-16T00:34:59 | INFO     | hl_arb | Arb signal: SOL spread=-4.0bps | perp BUY @ 99.701 | spot SELL @ 99.74
2026-09-16T00:34:59 | INFO     | hl_arb | 📊 Arb entry: SOL | spread=-4.0bps
  Perp BUY 5.013 @ 99.701
  Spot SELL 5.013 @ 99.74
2026-09-16T00:34:59 | ERROR    | hl_arb | Order rejected by exchange: {'status': 'err', 'response': 'User or API Wallet 0x80d9796b0966e79247591081d5867e68c18b2f56 does not exist.'}
2026-09-16T00:34:59 | ERROR    | hl_arb | Order rejected by exchange: {'status': 'err', 'response': 'User or API Wallet 0x3b8b67f9dac7a7df0849d4017ca7d800671b56a7 does not exist.'}
2026-09-16T00:34:59 | ERROR    | hl_arb | Arb entry rejected for SOL; resetting without opening a position
2026-09-16T00:34:59 | INFO     | hl_arb | Arb signal: SOL spread=-4.0bps | perp BUY @ 99.701 | spot SELL @ 99.74
2026-09-16T00:34:59 | INFO     | hl_arb | 📊 Arb entry: SOL | spread=-4.0bps
  Perp BUY 5.013 @ 99.701
  Spot SELL 5.013 @ 99.74
2026-09-16T00:34:59 | ERROR    | hl_arb | Order rejected by exchange: {'status': 'err', 'response': 'User or API Wallet 0x938c9e9a0c947965d41ba9ec1ba9163aba6ec6b5 does not exist.'}
2026-09-16T00:34:59 | ERROR    | hl_arb | Order rejected by exchange: {'status': 'err', 'response': 'User or API Wallet 0x3606a1e94dfb45c403091b69ed17dadf202f6afd does not exist.'}
2026-09-16T00:34:59 | ERROR    | hl_arb | Arb entry rejected for SOL; resetting without opening a position
2026-09-16T00:35:16 | INFO     | hl_arb | Arb signal: SOL spread=-5.0bps | perp BUY @ 99.641 | spot SELL @ 99.686
2026-09-16T00:35:16 | INFO     | hl_arb | 📊 Arb entry: SOL | spread=-5.0bps
  Perp BUY 5.0157 @ 99.641
  Spot SELL 5.0157 @ 99.686
2026-09-16T00:35:16 | ERROR    | hl_arb | Order rejected by exchange: {'status': 'err', 'response': 'User or API Wallet 0x62ac0302ad3ab46b8dfa0fa8f420bd5f3cb3d26c does not exist.'}
2026-09-16T00:35:16 | ERROR    | hl_arb | Order rejected by exchange: {'status': 'err', 'response': 'User or API Wallet 0x9a1a81e0c3f8ac5d20541de3cd1ef9ae68d68d31 does not exist.'}
2026-09-16T00:35:16 | ERROR    | hl_arb | Arb entry rejected for SOL; resetting without opening a position
2026-09-16T00:35:16 | INFO     | hl_arb | Arb signal: SOL spread=-5.0bps | perp BUY @ 99.641 | spot SELL @ 99.686
2026-09-16T00:35:16 | INFO     | hl_arb | 📊 Arb entry: SOL | spread=-5.0bps
  Perp BUY 5.0157 @ 99.641
  Spot SELL 5.0157 @ 99.686
2026-09-16T00:35:17 | ERROR    | hl_arb | Order rejected by exchange: {'status': 'err', 'response': 'User or API Wallet 0xe28d8d944b21546a950be2fc99fe9c57c9757765 does not exist.'}
2026-09-16T00:35:17 | ERROR    | hl_arb | Order rejected by exchange: {'status': 'err', 'response': 'User or API Wallet 0x66f9025bd36009e8921a5556c84d00d3fa005358 does not exist.'}
2026-09-16T00:35:17 | ERROR    | hl_arb | Arb entry rejected for SOL; resetting without opening a position
2026-09-16T00:35:17 | INFO     | hl_arb | Arb signal: SOL spread=-5.0bps | perp BUY @ 99.641 | spot SELL @ 99.686
2026-09-16T00:35:17 | INFO     | hl_arb | 📊 Arb entry: SOL | spread=-5.0bps
  Perp BUY 5.0157 @ 99.641
  Spot SELL 5.0157 @ 99.686
2026-09-16T00:35:17 | ERROR    | hl_arb | Order rejected by exchange: {'status': 'err', 'response': 'User or API Wallet 0x496ea082f92d549938805fa97def417c554d0502 does not exist.'}
2026-09-16T00:35:17 | ERROR    | hl_arb | Order rejected by exchange: {'status': 'err', 'response': 'User or API Wallet 0xa5d39bb814720fe3d05d1461fa6bdbeb3201b909 does not exist.'}
2026-09-16T00:35:17 | ERROR    | hl_arb | Arb entry rejected for SOL; resetting without opening a position
2026-09-16T00:35:17 | INFO     | hl_arb | Arb signal: SOL spread=-5.0bps | perp BUY @ 99.641 | spot SELL @ 99.686
2026-09-16T00:35:17 | INFO     | hl_arb | 📊 Arb entry: SOL | spread=-5.0bps
  Perp BUY 5.0157 @ 99.641
  Spot SELL 5.0157 @ 99.686
2026-09-16T00:35:17 | ERROR    | hl_arb | Order rejected by exchange: {'status': 'err', 'response': 'User or API Wallet 0x8d2d40b7f655cc3518e0a93c7e25ad0e9441dd48 does not exist.'}
2026-09-16T00:35:17 | ERROR    | hl_arb | Order rejected by exchange: {'status': 'err', 'response': 'User or API Wallet 0x7474834066e6e31f2dcefd22d7b0711b7b7ac336 does not exist.'}
2026-09-16T00:35:17 | ERROR    | hl_arb | Arb entry rejected for SOL; resetting without opening a position
2026-09-16T00:35:17 | INFO     | hl_arb | Arb signal: SOL spread=-5.0bps | perp BUY @ 99.641 | spot SELL @ 99.686
2026-09-16T00:35:17 | INFO     | hl_arb | 📊 Arb entry: SOL | spread=-5.0bps
  Perp BUY 5.0157 @ 99.641
  Spot SELL 5.0157 @ 99.686
2026-09-16T00:35:17 | ERROR    | hl_arb | Order rejected by exchange: {'status': 'err', 'response': 'User or API Wallet 0xf8226b4a93ad5db77b6124d2e1d332a1e6c72e47 does not exist.'}
2026-09-16T00:35:17 | ERROR    | hl_arb | Order rejected by exchange: {'status': 'err', 'response': 'User or API Wallet 0x7d3451b36c06c7381516e4ecfe6dbc80174fd1f5 does not exist.'}
2026-09-16T00:35:17 | ERROR    | hl_arb | Arb entry rejected for SOL; resetting without opening a position
2026-09-16T00:35:18 | INFO     | hl_arb | Arb signal: SOL spread=-5.0bps | perp BUY @ 99.641 | spot SELL @ 99.686
2026-09-16T00:35:18 | INFO     | hl_arb | 📊 Arb entry: SOL | spread=-5.0bps
  Perp BUY 5.0157 @ 99.641
  Spot SELL 5.0157 @ 99.686
2026-09-16T00:35:18 | ERROR    | hl_arb | Order rejected by exchange: {'status': 'err', 'response': 'User or API Wallet 0xc539c57d72ade68d00fa562a29613ba6fe9cce7c does not exist.'}
2026-09-16T00:35:18 | ERROR    | hl_arb | Order rejected by exchange: {'status': 'err', 'response': 'User or API Wallet 0x5c256355b518bbf91d3270dd7c4cc4e1cb153773 does not exist.'}
2026-09-16T00:35:18 | ERROR    | hl_arb | Arb entry rejected for SOL; resetting without opening a position
2026-09-16T00:35:18 | INFO     | hl_arb | Arb signal: SOL spread=-5.0bps | perp BUY @ 99.641 | spot SELL @ 99.686
2026-09-16T00:35:18 | INFO     | hl_arb | 📊 Arb entry: SOL | spread=-5.0bps
  Perp BUY 5.0157 @ 99.641
  Spot SELL 5.0157 @ 99.686
2026-09-16T00:35:18 | ERROR    | hl_arb | Order rejected by exchange: {'status': 'err', 'response': 'User or API Wallet 0xa21b72c98c7cc996e52766179c0dd03dfbb67468 does not exist.'}
2026-09-16T00:35:18 | ERROR    | hl_arb | Order rejected by exchange: {'status': 'err', 'response': 'User or API Wallet 0x8983c2c266f8d7d6969aec37cd649de385194939 does not exist.'}
2026-09-16T00:35:18 | ERROR    | hl_arb | Arb entry rejected for SOL; resetting without opening a position
2026-09-16T00:35:18 | INFO     | hl_arb | Arb signal: SOL spread=-5.0bps | perp BUY @ 99.641 | spot SELL @ 99.686
2026-09-16T00:35:18 | INFO     | hl_arb | 📊 Arb entry: SOL | spread=-5.0bps
  Perp BUY 5.0157 @ 99.641
  Spot SELL 5.0157 @ 99.686
2026-09-16T00:35:18 | ERROR    | hl_arb | Order rejected by exchange: {'status': 'err', 'response': 'User or API Wallet 0xed49d586fed76e8d16517afb497afe955b2b9f33 does not exist.'}
2026-09-16T00:35:18 | ERROR    | hl_arb | Order rejected by exchange: {'status': 'err', 'response': 'User or API Wallet 0x725fec60d6dbbfe1db01d40e0528c3c8a7fd672e does not exist.'}
2026-09-16T00:35:18 | ERROR    | hl_arb | Arb entry rejected for SOL; resetting without opening a position
2026-09-16T00:35:18 | INFO     | hl_arb | Arb signal: SOL spread=-5.0bps | perp BUY @ 99.641 | spot SELL @ 99.686
2026-09-16T00:35:18 | INFO     | hl_arb | 📊 Arb entry: SOL | spread=-5.0bps
  Perp BUY 5.0157 @ 99.641
  Spot SELL 5.0157 @ 99.686
2026-09-16T00:35:19 | ERROR    | hl_arb | Order rejected by exchange: {'status': 'err', 'response': 'User or API Wallet 0x4262faf80d66cda8b3a892a9d730875d94a91660 does not exist.'}
2026-09-16T00:35:19 | ERROR    | hl_arb | Order rejected by exchange: {'status': 'err', 'response': 'User or API Wallet 0x48d4a2b6137afc69463fb8eb904203cb2b912e8f does not exist.'}
2026-09-16T00:35:19 | ERROR    | hl_arb | Arb entry rejected for SOL; resetting without opening a position
2026-09-16T00:35:19 | INFO     | hl_arb | Arb signal: SOL spread=-5.0bps | perp BUY @ 99.641 | spot SELL @ 99.686
2026-09-16T00:35:19 | INFO     | hl_arb | 📊 Arb entry: SOL | spread=-5.0bps
  Perp BUY 5.0157 @ 99.641
  Spot SELL 5.0157 @ 99.686
2026-09-16T00:35:19 | ERROR    | hl_arb | Order rejected by exchange: {'status': 'err', 'response': 'User or API Wallet 0x31706a5e3c084b88a3d93da198b83bb62253e95d does not exist.'}
2026-09-16T00:35:19 | ERROR    | hl_arb | Order rejected by exchange: {'status': 'err', 'response': 'User or API Wallet 0xb35fbeffb2a83f9cc36b380a232a66ea9038bbfa does not exist.'}
2026-09-16T00:35:19 | ERROR    | hl_arb | Arb entry rejected for SOL; resetting without opening a position
2026-09-16T00:35:19 | INFO     | hl_arb | Arb signal: SOL spread=-5.0bps | perp BUY @ 99.641 | spot SELL @ 99.686
2026-09-16T00:35:19 | INFO     | hl_arb | 📊 Arb entry: SOL | spread=-5.0bps
  Perp BUY 5.0157 @ 99.641
  Spot SELL 5.0157 @ 99.686
2026-09-16T00:35:19 | ERROR    | hl_arb | Order rejected by exchange: {'status': 'err', 'response': 'User or API Wallet 0x866d8332fa44dd7160ce9d6c0994b2df6bbf0560 does not exist.'}
2026-09-16T00:35:19 | ERROR    | hl_arb | Order rejected by exchange: {'status': 'err', 'response': 'User or API Wallet 0xf08c1e0e04a1e49df63dd91cc5bc55198e9dcd95 does not exist.'}
2026-09-16T00:35:19 | ERROR    | hl_arb | Arb entry rejected for SOL; resetting without opening a position
2026-09-16T00:35:19 | INFO     | hl_arb | Arb signal: SOL spread=-5.0bps | perp BUY @ 99.641 | spot SELL @ 99.686
2026-09-16T00:35:19 | INFO     | hl_arb | 📊 Arb entry: SOL | spread=-5.0bps
  Perp BUY 5.0157 @ 99.641
  Spot SELL 5.0157 @ 99.686
2026-09-16T00:35:19 | ERROR    | hl_arb | Order rejected by exchange: {'status': 'err', 'response': 'User or API Wallet 0x5fb0a24d4479ecc3bf1f09dda53360925c27652a does not exist.'}
2026-09-16T00:35:20 | ERROR    | hl_arb | Order rejected by exchange: {'status': 'err', 'response': 'User or API Wallet 0x40182a6080a7f6375bc530c074e0c6514b30c9dc does not exist.'}
2026-09-16T00:35:20 | ERROR    | hl_arb | Arb entry rejected for SOL; resetting without opening a position
2026-09-16T00:35:20 | INFO     | hl_arb | Arb signal: SOL spread=-5.0bps | perp BUY @ 99.641 | spot SELL @ 99.686
2026-09-16T00:35:20 | INFO     | hl_arb | 📊 Arb entry: SOL | spread=-5.0bps
  Perp BUY 5.0157 @ 99.641
  Spot SELL 5.0157 @ 99.686
2026-09-16T00:35:20 | ERROR    | hl_arb | Order rejected by exchange: {'status': 'err', 'response': 'User or API Wallet 0xafbe0a784d520b5405f03809b061b77c2bbc2ffc does not exist.'}
2026-09-16T00:35:20 | ERROR    | hl_arb | Order rejected by exchange: {'status': 'err', 'response': 'User or API Wallet 0x05912a86377f45f1451448a1e36d96f5e0fae27e does not exist.'}
2026-09-16T00:35:20 | ERROR    | hl_arb | Arb entry rejected for SOL; resetting without opening a position
2026-09-16T00:35:20 | INFO     | hl_arb | Arb signal: SOL spread=-5.0bps | perp BUY @ 99.641 | spot SELL @ 99.686
2026-09-16T00:35:20 | INFO     | hl_arb | 📊 Arb entry: SOL | spread=-5.0bps
  Perp BUY 5.0157 @ 99.641
  Spot SELL 5.0157 @ 99.686
2026-09-16T00:35:20 | ERROR    | hl_arb | Order rejected by exchange: {'status': 'err', 'response': 'User or API Wallet 0x34fc7ba27d0024f3860435d4896d5abf823ecd3a does not exist.'}
2026-09-16T00:35:20 | ERROR    | hl_arb | Order rejected by exchange: {'status': 'err', 'response': 'User or API Wallet 0x58c5afd65d6dbeb8b840eab079fac82f34017b64 does not exist.'}
2026-09-16T00:35:20 | ERROR    | hl_arb | Arb entry rejected for SOL; resetting without opening a position
2026-09-16T00:35:20 | INFO     | hl_arb | Arb signal: SOL spread=-5.0bps | perp BUY @ 99.641 | spot SELL @ 99.686
2026-09-16T00:35:20 | INFO     | hl_arb | 📊 Arb entry: SOL | spread=-5.0bps
  Perp BUY 5.0157 @ 99.641
  Spot SELL 5.0157 @ 99.686
2026-09-16T00:35:20 | ERROR    | hl_arb | Order rejected by exchange: {'status': 'err', 'response': 'User or API Wallet 0x365b514bbb23b22358ac1794e3f1e8769c8bc6e5 does not exist.'}
2026-09-16T00:35:20 | ERROR    | hl_arb | Order rejected by exchange: {'status': 'err', 'response': 'User or API Wallet 0x1c0af45e8fb837206643a173b8ebec01e06079c7 does not exist.'}
2026-09-16T00:35:20 | ERROR    | hl_arb | Arb entry rejected for SOL; resetting without opening a position
2026-09-16T00:35:21 | INFO     | hl_arb | Arb signal: SOL spread=-5.0bps | perp BUY @ 99.641 | spot SELL @ 99.686
2026-09-16T00:35:21 | INFO     | hl_arb | 📊 Arb entry: SOL | spread=-5.0bps
  Perp BUY 5.0157 @ 99.641
  Spot SELL 5.0157 @ 99.686
2026-09-16T00:35:21 | ERROR    | hl_arb | Order rejected by exchange: {'status': 'err', 'response': 'User or API Wallet 0xb0da2e46534068ec4d3a2ba3378b3189a8419e7b does not exist.'}
2026-09-16T00:35:21 | ERROR    | hl_arb | Order rejected by exchange: {'status': 'err', 'response': 'User or API Wallet 0xdcb503832e1c79e987d9db43ab3a24be4a16c147 does not exist.'}
2026-09-16T00:35:21 | ERROR    | hl_arb | Arb entry rejected for SOL; resetting without opening a position
2026-09-16T00:36:21 | INFO     | hl_arb | Arb signal: SOL spread=-4.3bps | perp BUY @ 99.501 | spot SELL @ 99.54
2026-09-16T00:36:21 | INFO     | hl_arb | 📊 Arb entry: SOL | spread=-4.3bps
  Perp BUY 5.0231 @ 99.501
  Spot SELL 5.0231 @ 99.54
2026-09-16T00:36:21 | ERROR    | hl_arb | Order rejected by exchange: {'status': 'err', 'response': 'User or API Wallet 0x733700bc3722ef9fbfd9d1aca72eff2e43d66280 does not exist.'}
2026-09-16T00:36:21 | ERROR    | hl_arb | Order rejected by exchange: {'status': 'err', 'response': 'User or API Wallet 0xdfb1cd02b517399f1db59609375f06aa2a8c2999 does not exist.'}
2026-09-16T00:36:21 | ERROR    | hl_arb | Arb entry rejected for SOL; resetting without opening a position
2026-09-16T00:36:22 | INFO     | hl_arb | Arb signal: SOL spread=-4.3bps | perp BUY @ 99.501 | spot SELL @ 99.54
2026-09-16T00:36:22 | INFO     | hl_arb | 📊 Arb entry: SOL | spread=-4.3bps
  Perp BUY 5.0231 @ 99.501
  Spot SELL 5.0231 @ 99.54
2026-09-16T00:36:22 | ERROR    | hl_arb | Order rejected by exchange: {'status': 'err', 'response': 'User or API Wallet 0xf0f189f3180e705f60e528f2252e6edd1f9e6dfd does not exist.'}
2026-09-16T00:36:22 | ERROR    | hl_arb | Order rejected by exchange: {'status': 'err', 'response': 'User or API Wallet 0x07d992966fe9f339301acf7c220ec9c71fc9d665 does not exist.'}
2026-09-16T00:36:22 | ERROR    | hl_arb | Arb entry rejected for SOL; resetting without opening a position
2026-09-16T00:36:22 | INFO     | hl_arb | Arb signal: SOL spread=-4.3bps | perp BUY @ 99.501 | spot SELL @ 99.54
2026-09-16T00:36:22 | INFO     | hl_arb | 📊 Arb entry: SOL | spread=-4.3bps
  Perp BUY 5.0231 @ 99.501
  Spot SELL 5.0231 @ 99.54
2026-09-16T00:36:22 | ERROR    | hl_arb | Order rejected by exchange: {'status': 'err', 'response': 'User or API Wallet 0x53ed55499fed236d226bcfa0f1d837b0d667f40f does not exist.'}
2026-09-16T00:36:22 | ERROR    | hl_arb | Order rejected by exchange: {'status': 'err', 'response': 'User or API Wallet 0x7f8fc126c3c2d8b7394c33bd3eec234a35778a9f does not exist.'}
2026-09-16T00:36:22 | ERROR    | hl_arb | Arb entry rejected for SOL; resetting without opening a position
2026-09-16T00:36:22 | INFO     | hl_arb | Arb signal: SOL spread=-4.3bps | perp BUY @ 99.501 | spot SELL @ 99.54
2026-09-16T00:36:22 | INFO     | hl_arb | 📊 Arb entry: SOL | spread=-4.3bps
  Perp BUY 5.0231 @ 99.501
  Spot SELL 5.0231 @ 99.54
2026-09-16T00:36:22 | ERROR    | hl_arb | Order rejected by exchange: {'status': 'err', 'response': 'User or API Wallet 0x4b89161fe9ab83e7e931fdbc82f8a8fa0fa26025 does not exist.'}
2026-09-16T00:36:22 | ERROR    | hl_arb | Order rejected by exchange: {'status': 'err', 'response': 'User or API Wallet 0x0bdcd164162a31d17c9f9cf37367ae1d4b5915aa does not exist.'}
2026-09-16T00:36:22 | ERROR    | hl_arb | Arb entry rejected for SOL; resetting without opening a position
2026-09-16T00:36:22 | INFO     | hl_arb | Arb signal: SOL spread=-4.3bps | perp BUY @ 99.501 | spot SELL @ 99.54
2026-09-16T00:36:22 | INFO     | hl_arb | 📊 Arb entry: SOL | spread=-4.3bps
  Perp BUY 5.0231 @ 99.501
  Spot SELL 5.0231 @ 99.54
2026-09-16T00:36:23 | ERROR    | hl_arb | Order rejected by exchange: {'status': 'err', 'response': 'User or API Wallet 0xd0172f08c382471d2a3692a2401f3ade080e3861 does not exist.'}
2026-09-16T00:36:23 | ERROR    | hl_arb | Order rejected by exchange: {'status': 'err', 'response': 'User or API Wallet 0x3dff23760bd522753326aa459fbd38bd2c361ac0 does not exist.'}
2026-09-16T00:36:23 | ERROR    | hl_arb | Arb entry rejected for SOL; resetting without opening a position
2026-09-16T00:36:23 | INFO     | hl_arb | Arb signal: SOL spread=-4.3bps | perp BUY @ 99.501 | spot SELL @ 99.54
2026-09-16T00:36:23 | INFO     | hl_arb | 📊 Arb entry: SOL | spread=-4.3bps
  Perp BUY 5.0231 @ 99.501
  Spot SELL 5.0231 @ 99.54
2026-09-16T00:36:23 | ERROR    | hl_arb | Order rejected by exchange: {'status': 'err', 'response': 'User or API Wallet 0x9d3cfe0fbc98a77460e729470b8ca17587052a66 does not exist.'}
2026-09-16T00:36:23 | ERROR    | hl_arb | Order rejected by exchange: {'status': 'err', 'response': 'User or API Wallet 0x90221a72736abc299aef5237b16b849782aafd0a does not exist.'}
2026-09-16T00:36:23 | ERROR    | hl_arb | Arb entry rejected for SOL; resetting without opening a position
2026-09-16T00:36:23 | INFO     | hl_arb | Arb signal: SOL spread=-4.3bps | perp BUY @ 99.501 | spot SELL @ 99.54
2026-09-16T00:36:23 | INFO     | hl_arb | 📊 Arb entry: SOL | spread=-4.3bps
  Perp BUY 5.0231 @ 99.501
  Spot SELL 5.0231 @ 99.54
2026-09-16T00:36:23 | ERROR    | hl_arb | Order rejected by exchange: {'status': 'err', 'response': 'User or API Wallet 0x0922fef163071d763880329788d1b845e7fc1023 does not exist.'}
2026-09-16T00:36:23 | ERROR    | hl_arb | Order rejected by exchange: {'status': 'err', 'response': 'User or API Wallet 0x2c7e50555648c33eb6bf73025c20780881079e56 does not exist.'}
2026-09-16T00:36:23 | ERROR    | hl_arb | Arb entry rejected for SOL; resetting without opening a position
2026-09-16T00:36:23 | INFO     | hl_arb | Arb signal: SOL spread=-4.3bps | perp BUY @ 99.501 | spot SELL @ 99.54
2026-09-16T00:36:23 | INFO     | hl_arb | 📊 Arb entry: SOL | spread=-4.3bps
  Perp BUY 5.0231 @ 99.501
  Spot SELL 5.0231 @ 99.54
2026-09-16T00:36:23 | ERROR    | hl_arb | Order rejected by exchange: {'status': 'err', 'response': 'User or API Wallet 0x373c11b509f8e303c0ca7155816c3ff1759559a8 does not exist.'}
2026-09-16T00:36:23 | ERROR    | hl_arb | Order rejected by exchange: {'status': 'err', 'response': 'User or API Wallet 0xa15b3522e9341d247b82ba2f8075aaf91fc330b6 does not exist.'}
2026-09-16T00:36:23 | ERROR    | hl_arb | Arb entry rejected for SOL; resetting without opening a position
2026-09-16T00:36:24 | INFO     | hl_arb | Arb signal: SOL spread=-4.3bps | perp BUY @ 99.501 | spot SELL @ 99.54
2026-09-16T00:36:24 | INFO     | hl_arb | 📊 Arb entry: SOL | spread=-4.3bps
  Perp BUY 5.0231 @ 99.501
  Spot SELL 5.0231 @ 99.54
2026-09-16T00:36:24 | ERROR    | hl_arb | Order rejected by exchange: {'status': 'err', 'response': 'User or API Wallet 0xdd7c1f2d129df46730645c311cdf99b9974c9246 does not exist.'}
2026-09-16T00:36:24 | ERROR    | hl_arb | Order rejected by exchange: {'status': 'err', 'response': 'User or API Wallet 0x782deaff089947b63cf10bb76e691c093f563d2a does not exist.'}
2026-09-16T00:36:24 | ERROR    | hl_arb | Arb entry rejected for SOL; resetting without opening a position
2026-09-16T00:36:24 | INFO     | hl_arb | Arb signal: SOL spread=-4.3bps | perp BUY @ 99.501 | spot SELL @ 99.54
2026-09-16T00:36:24 | INFO     | hl_arb | 📊 Arb entry: SOL | spread=-4.3bps
  Perp BUY 5.0231 @ 99.501
  Spot SELL 5.0231 @ 99.54
2026-09-16T00:36:24 | ERROR    | hl_arb | Order rejected by exchange: {'status': 'err', 'response': 'User or API Wallet 0xbbf5e4ee028737133adc6f6202ed23ec18d2af9e does not exist.'}
2026-09-16T00:36:24 | ERROR    | hl_arb | Order rejected by exchange: {'status': 'err', 'response': 'User or API Wallet 0xaa956357c7f8f99727a678eb0823f502c691c1d0 does not exist.'}
2026-09-16T00:36:24 | ERROR    | hl_arb | Arb entry rejected for SOL; resetting without opening a position
2026-09-16T00:36:24 | INFO     | hl_arb | Arb signal: SOL spread=-4.3bps | perp BUY @ 99.501 | spot SELL @ 99.54
2026-09-16T00:36:24 | INFO     | hl_arb | 📊 Arb entry: SOL | spread=-4.3bps
  Perp BUY 5.0231 @ 99.501
  Spot SELL 5.0231 @ 99.54
2026-09-16T00:36:24 | ERROR    | hl_arb | Order rejected by exchange: {'status': 'err', 'response': 'User or API Wallet 0xdd8019f130c3328b52e6594c505542fdeca908d3 does not exist.'}
2026-09-16T00:36:24 | ERROR    | hl_arb | Order rejected by exchange: {'status': 'err', 'response': 'User or API Wallet 0xdf9d69be31c4af4ed3c616f4e51e39c18f3fcaac does not exist.'}
2026-09-16T00:36:24 | ERROR    | hl_arb | Arb entry rejected for SOL; resetting without opening a position
2026-09-16T00:36:24 | INFO     | hl_arb | Arb signal: SOL spread=-4.3bps | perp BUY @ 99.501 | spot SELL @ 99.54
2026-09-16T00:36:24 | INFO     | hl_arb | 📊 Arb entry: SOL | spread=-4.3bps
  Perp BUY 5.0231 @ 99.501
  Spot SELL 5.0231 @ 99.54
2026-09-16T00:36:24 | ERROR    | hl_arb | Order rejected by exchange: {'status': 'err', 'response': 'User or API Wallet 0x508213ecae987c99af4d2ce35890c52534af4bd5 does not exist.'}
2026-09-16T00:36:25 | ERROR    | hl_arb | Order rejected by exchange: {'status': 'err', 'response': 'User or API Wallet 0x77068e3b6ae2677f7a7d9613a6c8e6186418ba93 does not exist.'}
2026-09-16T00:36:25 | ERROR    | hl_arb | Arb entry rejected for SOL; resetting without opening a position
2026-09-16T00:36:25 | INFO     | hl_arb | Arb signal: SOL spread=-4.3bps | perp BUY @ 99.501 | spot SELL @ 99.54
2026-09-16T00:36:25 | INFO     | hl_arb | 📊 Arb entry: SOL | spread=-4.3bps
  Perp BUY 5.0231 @ 99.501
  Spot SELL 5.0231 @ 99.54
2026-09-16T00:36:25 | ERROR    | hl_arb | Order rejected by exchange: {'status': 'err', 'response': 'User or API Wallet 0x35e58878f758b89528c013176144c2ba7fb23c48 does not exist.'}
2026-09-16T00:36:25 | ERROR    | hl_arb | Order rejected by exchange: {'status': 'err', 'response': 'User or API Wallet 0xae2c1e453f4f579cdd1cd7965db59f9ee460acc1 does not exist.'}
2026-09-16T00:36:25 | ERROR    | hl_arb | Arb entry rejected for SOL; resetting without opening a position
2026-09-16T00:36:25 | INFO     | hl_arb | Arb signal: SOL spread=-4.3bps | perp BUY @ 99.501 | spot SELL @ 99.54
2026-09-16T00:36:25 | INFO     | hl_arb | 📊 Arb entry: SOL | spread=-4.3bps
  Perp BUY 5.0231 @ 99.501
  Spot SELL 5.0231 @ 99.54
2026-09-16T00:36:25 | ERROR    | hl_arb | Order rejected by exchange: {'status': 'err', 'response': 'User or API Wallet 0x0b1b1497c6c73b035a0b6adbe3ddde545bc8d337 does not exist.'}
2026-09-16T00:36:25 | ERROR    | hl_arb | Order rejected by exchange: {'status': 'err', 'response': 'User or API Wallet 0x7252e2955bb5b455d215ee9be7e1b54efde295da does not exist.'}
2026-09-16T00:36:25 | ERROR    | hl_arb | Arb entry rejected for SOL; resetting without opening a position
2026-09-16T00:36:25 | INFO     | hl_arb | Arb signal: SOL spread=-4.3bps | perp BUY @ 99.501 | spot SELL @ 99.54
2026-09-16T00:36:25 | INFO     | hl_arb | 📊 Arb entry: SOL | spread=-4.3bps
  Perp BUY 5.0231 @ 99.501
  Spot SELL 5.0231 @ 99.54
2026-09-16T00:36:25 | ERROR    | hl_arb | Order rejected by exchange: {'status': 'err', 'response': 'User or API Wallet 0xdfb4595383a5a54ffad8b36534a6a12f19d89765 does not exist.'}
2026-09-16T00:36:26 | ERROR    | hl_arb | Order rejected by exchange: {'status': 'err', 'response': 'User or API Wallet 0x77ba86fed83698f43b54dbe009e27cb306c9df12 does not exist.'}
2026-09-16T00:36:26 | ERROR    | hl_arb | Arb entry rejected for SOL; resetting without opening a position
2026-09-16T00:36:26 | INFO     | hl_arb | Arb signal: SOL spread=-4.3bps | perp BUY @ 99.501 | spot SELL @ 99.54
2026-09-16T00:36:26 | INFO     | hl_arb | 📊 Arb entry: SOL | spread=-4.3bps
  Perp BUY 5.0231 @ 99.501
  Spot SELL 5.0231 @ 99.54
2026-09-16T00:36:26 | ERROR    | hl_arb | Order rejected by exchange: {'status': 'err', 'response': 'User or API Wallet 0x80796bdce837894d873e6ddf3ad7851022784e46 does not exist.'}
2026-09-16T00:36:26 | ERROR    | hl_arb | Order rejected by exchange: {'status': 'err', 'response': 'User or API Wallet 0xccdcbf482a58aff9f0b75810911f92799c08627f does not exist.'}
2026-09-16T00:36:26 | ERROR    | hl_arb | Arb entry rejected for SOL; resetting without opening a position
2026-09-16T00:36:36 | INFO     | hl_arb | Received SIGINT — shutting down…
2026-09-16T00:36:36 | INFO     | hl_arb | Stopping strategy and feed…
2026-09-16T00:36:36 | INFO     | hl_arb | PerpSpotArbStrategy stopping
2026-09-16T00:36:36 | INFO     | hl_arb | 🛑 Hyperliquid Arb Bot stopped
2026-09-16T00:36:36 | INFO     | hl_arb | Shutdown complete
2026-09-16T00:37:53 | INFO     | hl_arb | ============================================================
2026-09-16T00:37:53 | INFO     | hl_arb |   Hyperliquid Arb Bot starting
2026-09-16T00:37:53 | INFO     | hl_arb |   Wallet  : 0x69fA2304DD7EF1DAb42F15A5f0f0C8720d0C3Fc6
2026-09-16T00:37:53 | INFO     | hl_arb |   API URL : https://api.hyperliquid.xyz
2026-09-16T00:37:53 | INFO     | hl_arb |   Pairs   : [('ETH', 'ETH'), ('BTC', 'BTC'), ('SOL', 'SOL')]
2026-09-16T00:37:53 | INFO     | hl_arb | ============================================================
2026-09-16T00:37:53 | INFO     | hl_arb | 🤖 Hyperliquid Arb Bot started
2026-09-16T00:37:54 | INFO     | hl_arb | Loaded 234 asset indices
2026-09-16T00:37:54 | INFO     | hl_arb | OrderManager ready
2026-09-16T00:37:54 | INFO     | hl_arb | Connecting to WebSocket: wss://api.hyperliquid.xyz/ws
2026-09-16T00:37:54 | INFO     | hl_arb | PerpSpotArbStrategy starting
2026-09-16T00:37:54 | INFO     | hl_arb | WebSocket connected
2026-09-16T00:38:02 | INFO     | hl_arb | Arb signal: SOL spread=-4.3bps | perp BUY @ 99.561 | spot SELL @ 99.595
2026-09-16T00:38:02 | INFO     | hl_arb | 📊 Arb entry: SOL | spread=-4.3bps
  Perp BUY 5.0203 @ 99.561
  Spot SELL 5.0203 @ 99.595
2026-09-16T00:38:03 | ERROR    | hl_arb | Order error: Order has invalid size.
2026-09-16T00:38:03 | ERROR    | hl_arb | Order error: Order has invalid size.
2026-09-16T00:38:03 | ERROR    | hl_arb | Arb entry rejected for SOL; resetting without opening a position
2026-09-16T00:38:03 | INFO     | hl_arb | Arb signal: SOL spread=-4.3bps | perp BUY @ 99.561 | spot SELL @ 99.595
2026-09-16T00:38:03 | INFO     | hl_arb | 📊 Arb entry: SOL | spread=-4.3bps
  Perp BUY 5.0203 @ 99.561
  Spot SELL 5.0203 @ 99.595
2026-09-16T00:38:04 | ERROR    | hl_arb | Order error: Order has invalid size.
2026-09-16T00:38:04 | ERROR    | hl_arb | Order error: Order has invalid size.
2026-09-16T00:38:04 | ERROR    | hl_arb | Arb entry rejected for SOL; resetting without opening a position
2026-09-16T00:38:04 | INFO     | hl_arb | Arb signal: SOL spread=-4.3bps | perp BUY @ 99.561 | spot SELL @ 99.595
2026-09-16T00:38:04 | INFO     | hl_arb | 📊 Arb entry: SOL | spread=-4.3bps
  Perp BUY 5.0203 @ 99.561
  Spot SELL 5.0203 @ 99.595
2026-09-16T00:38:05 | ERROR    | hl_arb | Order error: Order has invalid size.
2026-09-16T00:38:05 | ERROR    | hl_arb | Order error: Order has invalid size.
2026-09-16T00:38:05 | ERROR    | hl_arb | Arb entry rejected for SOL; resetting without opening a position
2026-09-16T00:38:06 | INFO     | hl_arb | Arb signal: SOL spread=-4.3bps | perp BUY @ 99.561 | spot SELL @ 99.595
2026-09-16T00:38:06 | INFO     | hl_arb | 📊 Arb entry: SOL | spread=-4.3bps
  Perp BUY 5.0203 @ 99.561
  Spot SELL 5.0203 @ 99.595
2026-09-16T00:38:06 | ERROR    | hl_arb | Order error: Order has invalid size.
2026-09-16T00:38:06 | ERROR    | hl_arb | Order error: Order has invalid size.
2026-09-16T00:38:06 | ERROR    | hl_arb | Arb entry rejected for SOL; resetting without opening a position
2026-09-16T00:38:07 | INFO     | hl_arb | Arb signal: SOL spread=-4.3bps | perp BUY @ 99.561 | spot SELL @ 99.595
2026-09-16T00:38:07 | INFO     | hl_arb | 📊 Arb entry: SOL | spread=-4.3bps
  Perp BUY 5.0203 @ 99.561
  Spot SELL 5.0203 @ 99.595
2026-09-16T00:38:07 | ERROR    | hl_arb | Order error: Order has invalid size.
2026-09-16T00:38:08 | ERROR    | hl_arb | Order error: Order has invalid size.
2026-09-16T00:38:08 | ERROR    | hl_arb | Arb entry rejected for SOL; resetting without opening a position
2026-09-16T00:38:13 | INFO     | hl_arb | Arb signal: SOL spread=-8.5bps | perp BUY @ 99.568 | spot SELL @ 99.65
2026-09-16T00:38:13 | INFO     | hl_arb | 📊 Arb entry: SOL | spread=-8.5bps
  Perp BUY 5.0175 @ 99.568
  Spot SELL 5.0175 @ 99.65
2026-09-16T00:38:14 | ERROR    | hl_arb | Order error: Order has invalid size.
2026-09-16T00:38:14 | ERROR    | hl_arb | Order error: Order has invalid size.
2026-09-16T00:38:14 | ERROR    | hl_arb | Arb entry rejected for SOL; resetting without opening a position
2026-09-16T00:38:14 | INFO     | hl_arb | Arb signal: SOL spread=-8.5bps | perp BUY @ 99.568 | spot SELL @ 99.65
2026-09-16T00:38:14 | INFO     | hl_arb | 📊 Arb entry: SOL | spread=-8.5bps
  Perp BUY 5.0175 @ 99.568
  Spot SELL 5.0175 @ 99.65
2026-09-16T00:38:15 | ERROR    | hl_arb | Order error: Order has invalid size.
2026-09-16T00:38:15 | ERROR    | hl_arb | Order error: Order has invalid size.
2026-09-16T00:38:15 | ERROR    | hl_arb | Arb entry rejected for SOL; resetting without opening a position
2026-09-16T00:38:15 | INFO     | hl_arb | Arb signal: SOL spread=-8.5bps | perp BUY @ 99.568 | spot SELL @ 99.65
2026-09-16T00:38:15 | INFO     | hl_arb | 📊 Arb entry: SOL | spread=-8.5bps
  Perp BUY 5.0175 @ 99.568
  Spot SELL 5.0175 @ 99.65
2026-09-16T00:38:16 | ERROR    | hl_arb | Order error: Order has invalid size.
2026-09-16T00:38:16 | ERROR    | hl_arb | Order error: Order has invalid size.
2026-09-16T00:38:16 | ERROR    | hl_arb | Arb entry rejected for SOL; resetting without opening a position
2026-09-16T00:38:16 | INFO     | hl_arb | Arb signal: SOL spread=-8.5bps | perp BUY @ 99.568 | spot SELL @ 99.65
2026-09-16T00:38:16 | INFO     | hl_arb | 📊 Arb entry: SOL | spread=-8.5bps
  Perp BUY 5.0175 @ 99.568
  Spot SELL 5.0175 @ 99.65
2026-09-16T00:38:17 | ERROR    | hl_arb | Order error: Order has invalid size.
2026-09-16T00:38:17 | ERROR    | hl_arb | Order error: Order has invalid size.
2026-09-16T00:38:17 | ERROR    | hl_arb | Arb entry rejected for SOL; resetting without opening a position
2026-09-16T00:38:18 | INFO     | hl_arb | Arb signal: SOL spread=-8.5bps | perp BUY @ 99.568 | spot SELL @ 99.65
2026-09-16T00:38:18 | INFO     | hl_arb | 📊 Arb entry: SOL | spread=-8.5bps
  Perp BUY 5.0175 @ 99.568
  Spot SELL 5.0175 @ 99.65
2026-09-16T00:38:19 | ERROR    | hl_arb | Order error: Order has invalid size.
2026-09-16T00:38:19 | ERROR    | hl_arb | Order error: Order has invalid size.
2026-09-16T00:38:19 | ERROR    | hl_arb | Arb entry rejected for SOL; resetting without opening a position
2026-09-16T00:38:24 | INFO     | hl_arb | Arb signal: SOL spread=-6.6bps | perp BUY @ 99.49 | spot SELL @ 99.548
2026-09-16T00:38:24 | INFO     | hl_arb | 📊 Arb entry: SOL | spread=-6.6bps
  Perp BUY 5.0227 @ 99.49
  Spot SELL 5.0227 @ 99.548
2026-09-16T00:38:25 | ERROR    | hl_arb | Order error: Order has invalid size.
2026-09-16T00:38:25 | ERROR    | hl_arb | Order error: Order has invalid size.
2026-09-16T00:38:25 | ERROR    | hl_arb | Arb entry rejected for SOL; resetting without opening a position
2026-09-16T00:38:25 | INFO     | hl_arb | Arb signal: SOL spread=-6.6bps | perp BUY @ 99.49 | spot SELL @ 99.548
2026-09-16T00:38:25 | INFO     | hl_arb | 📊 Arb entry: SOL | spread=-6.6bps
  Perp BUY 5.0227 @ 99.49
  Spot SELL 5.0227 @ 99.548
2026-09-16T00:38:26 | ERROR    | hl_arb | Order error: Order has invalid size.
2026-09-16T00:38:26 | ERROR    | hl_arb | Order error: Order has invalid size.
2026-09-16T00:38:26 | ERROR    | hl_arb | Arb entry rejected for SOL; resetting without opening a position
2026-09-16T00:38:26 | INFO     | hl_arb | Arb signal: SOL spread=-6.6bps | perp BUY @ 99.49 | spot SELL @ 99.548
2026-09-16T00:38:26 | INFO     | hl_arb | 📊 Arb entry: SOL | spread=-6.6bps
  Perp BUY 5.0227 @ 99.49
  Spot SELL 5.0227 @ 99.548
2026-09-16T00:38:27 | ERROR    | hl_arb | Order error: Order has invalid size.
2026-09-16T00:38:27 | ERROR    | hl_arb | Order error: Order has invalid size.
2026-09-16T00:38:27 | ERROR    | hl_arb | Arb entry rejected for SOL; resetting without opening a position
2026-09-16T00:38:27 | INFO     | hl_arb | Arb signal: SOL spread=-6.6bps | perp BUY @ 99.49 | spot SELL @ 99.548
2026-09-16T00:38:27 | INFO     | hl_arb | 📊 Arb entry: SOL | spread=-6.6bps
  Perp BUY 5.0227 @ 99.49
  Spot SELL 5.0227 @ 99.548
2026-09-16T00:38:28 | ERROR    | hl_arb | Order error: Order has invalid size.
2026-09-16T00:38:28 | ERROR    | hl_arb | Order error: Order has invalid size.
2026-09-16T00:38:28 | ERROR    | hl_arb | Arb entry rejected for SOL; resetting without opening a position
2026-09-16T00:38:28 | INFO     | hl_arb | Arb signal: SOL spread=-6.6bps | perp BUY @ 99.49 | spot SELL @ 99.548
2026-09-16T00:38:28 | INFO     | hl_arb | 📊 Arb entry: SOL | spread=-6.6bps
  Perp BUY 5.0227 @ 99.49
  Spot SELL 5.0227 @ 99.548
2026-09-16T00:38:29 | ERROR    | hl_arb | Order error: Order has invalid size.
2026-09-16T00:38:29 | ERROR    | hl_arb | Order error: Order has invalid size.
2026-09-16T00:38:29 | ERROR    | hl_arb | Arb entry rejected for SOL; resetting without opening a position
2026-09-16T00:38:29 | INFO     | hl_arb | Arb signal: SOL spread=-4.1bps | perp BUY @ 99.465 | spot SELL @ 99.5
2026-09-16T00:38:29 | INFO     | hl_arb | 📊 Arb entry: SOL | spread=-4.1bps
  Perp BUY 5.0251 @ 99.465
  Spot SELL 5.0251 @ 99.5
2026-09-16T00:38:30 | ERROR    | hl_arb | Order error: Order has invalid size.
2026-09-16T00:38:30 | ERROR    | hl_arb | Order error: Order has invalid size.
2026-09-16T00:38:30 | ERROR    | hl_arb | Arb entry rejected for SOL; resetting without opening a position
2026-09-16T00:38:30 | INFO     | hl_arb | Arb signal: SOL spread=-4.1bps | perp BUY @ 99.465 | spot SELL @ 99.5
2026-09-16T00:38:30 | INFO     | hl_arb | 📊 Arb entry: SOL | spread=-4.1bps
  Perp BUY 5.0251 @ 99.465
  Spot SELL 5.0251 @ 99.5
2026-09-16T00:38:31 | ERROR    | hl_arb | Order error: Order has invalid size.
2026-09-16T00:38:31 | ERROR    | hl_arb | Order error: Order has invalid size.
2026-09-16T00:38:31 | ERROR    | hl_arb | Arb entry rejected for SOL; resetting without opening a position
2026-09-16T00:38:31 | INFO     | hl_arb | Arb signal: SOL spread=-4.1bps | perp BUY @ 99.465 | spot SELL @ 99.5
2026-09-16T00:38:31 | INFO     | hl_arb | 📊 Arb entry: SOL | spread=-4.1bps
  Perp BUY 5.0251 @ 99.465
  Spot SELL 5.0251 @ 99.5
2026-09-16T00:38:32 | ERROR    | hl_arb | Order error: Order has invalid size.
2026-09-16T00:38:32 | ERROR    | hl_arb | Order error: Order has invalid size.
2026-09-16T00:38:32 | ERROR    | hl_arb | Arb entry rejected for SOL; resetting without opening a position
2026-09-16T00:38:33 | INFO     | hl_arb | Arb signal: SOL spread=-4.1bps | perp BUY @ 99.465 | spot SELL @ 99.5
2026-09-16T00:38:33 | INFO     | hl_arb | 📊 Arb entry: SOL | spread=-4.1bps
  Perp BUY 5.0251 @ 99.465
  Spot SELL 5.0251 @ 99.5
2026-09-16T00:38:33 | ERROR    | hl_arb | Order error: Order has invalid size.
2026-09-16T00:38:33 | ERROR    | hl_arb | Order error: Order has invalid size.
2026-09-16T00:38:33 | ERROR    | hl_arb | Arb entry rejected for SOL; resetting without opening a position
2026-09-16T00:38:34 | INFO     | hl_arb | Arb signal: SOL spread=-4.1bps | perp BUY @ 99.465 | spot SELL @ 99.5
2026-09-16T00:38:34 | INFO     | hl_arb | 📊 Arb entry: SOL | spread=-4.1bps
  Perp BUY 5.0251 @ 99.465
  Spot SELL 5.0251 @ 99.5
2026-09-16T00:38:34 | ERROR    | hl_arb | Order error: Order has invalid size.
2026-09-16T00:38:34 | ERROR    | hl_arb | Order error: Order has invalid size.
2026-09-16T00:38:34 | ERROR    | hl_arb | Arb entry rejected for SOL; resetting without opening a position
2026-09-16T00:38:40 | INFO     | hl_arb | Arb signal: SOL spread=-5.5bps | perp BUY @ 99.411 | spot SELL @ 99.46
2026-09-16T00:38:40 | INFO     | hl_arb | 📊 Arb entry: SOL | spread=-5.5bps
  Perp BUY 5.0271 @ 99.411
  Spot SELL 5.0271 @ 99.46
2026-09-16T00:38:41 | ERROR    | hl_arb | Order error: Order has invalid size.
2026-09-16T00:38:41 | ERROR    | hl_arb | Order error: Order has invalid size.
2026-09-16T00:38:41 | ERROR    | hl_arb | Arb entry rejected for SOL; resetting without opening a position
2026-09-16T00:38:41 | INFO     | hl_arb | Arb signal: SOL spread=-5.5bps | perp BUY @ 99.411 | spot SELL @ 99.46
2026-09-16T00:38:41 | INFO     | hl_arb | 📊 Arb entry: SOL | spread=-5.5bps
  Perp BUY 5.0271 @ 99.411
  Spot SELL 5.0271 @ 99.46
2026-09-16T00:38:42 | ERROR    | hl_arb | Order error: Order has invalid size.
2026-09-16T00:38:42 | ERROR    | hl_arb | Order error: Order has invalid size.
2026-09-16T00:38:42 | ERROR    | hl_arb | Arb entry rejected for SOL; resetting without opening a position
2026-09-16T00:38:42 | INFO     | hl_arb | Arb signal: SOL spread=-5.5bps | perp BUY @ 99.411 | spot SELL @ 99.46
2026-09-16T00:38:42 | INFO     | hl_arb | 📊 Arb entry: SOL | spread=-5.5bps
  Perp BUY 5.0271 @ 99.411
  Spot SELL 5.0271 @ 99.46
2026-09-16T00:38:43 | ERROR    | hl_arb | Order error: Order has invalid size.
2026-09-16T00:38:43 | ERROR    | hl_arb | Order error: Order has invalid size.
2026-09-16T00:38:43 | ERROR    | hl_arb | Arb entry rejected for SOL; resetting without opening a position
2026-09-16T00:38:43 | INFO     | hl_arb | Arb signal: SOL spread=-5.5bps | perp BUY @ 99.411 | spot SELL @ 99.46
2026-09-16T00:38:43 | INFO     | hl_arb | 📊 Arb entry: SOL | spread=-5.5bps
  Perp BUY 5.0271 @ 99.411
  Spot SELL 5.0271 @ 99.46
2026-09-16T00:38:44 | ERROR    | hl_arb | Order error: Order has invalid size.
2026-09-16T00:38:44 | ERROR    | hl_arb | Order error: Order has invalid size.
2026-09-16T00:38:44 | ERROR    | hl_arb | Arb entry rejected for SOL; resetting without opening a position
2026-09-16T00:38:44 | INFO     | hl_arb | Arb signal: SOL spread=-5.5bps | perp BUY @ 99.411 | spot SELL @ 99.46
2026-09-16T00:38:44 | INFO     | hl_arb | 📊 Arb entry: SOL | spread=-5.5bps
  Perp BUY 5.0271 @ 99.411
  Spot SELL 5.0271 @ 99.46
2026-09-16T00:38:45 | ERROR    | hl_arb | Order error: Order has invalid size.
2026-09-16T00:38:45 | ERROR    | hl_arb | Order error: Order has invalid size.
2026-09-16T00:38:45 | ERROR    | hl_arb | Arb entry rejected for SOL; resetting without opening a position
2026-09-16T00:38:46 | INFO     | hl_arb | Arb signal: SOL spread=-5.5bps | perp BUY @ 99.401 | spot SELL @ 99.45
2026-09-16T00:38:46 | INFO     | hl_arb | 📊 Arb entry: SOL | spread=-5.5bps
  Perp BUY 5.0276 @ 99.401
  Spot SELL 5.0276 @ 99.45
2026-09-16T00:38:47 | ERROR    | hl_arb | Order error: Order has invalid size.
2026-09-16T00:38:47 | ERROR    | hl_arb | Order error: Order has invalid size.
2026-09-16T00:38:47 | ERROR    | hl_arb | Arb entry rejected for SOL; resetting without opening a position
2026-09-16T00:38:47 | INFO     | hl_arb | Arb signal: SOL spread=-5.5bps | perp BUY @ 99.401 | spot SELL @ 99.45
2026-09-16T00:38:47 | INFO     | hl_arb | 📊 Arb entry: SOL | spread=-5.5bps
  Perp BUY 5.0276 @ 99.401
  Spot SELL 5.0276 @ 99.45
2026-09-16T00:38:48 | ERROR    | hl_arb | Order error: Order has invalid size.
2026-09-16T00:38:48 | ERROR    | hl_arb | Order error: Order has invalid size.
2026-09-16T00:38:48 | ERROR    | hl_arb | Arb entry rejected for SOL; resetting without opening a position
2026-09-16T00:38:48 | INFO     | hl_arb | Arb signal: SOL spread=-5.5bps | perp BUY @ 99.401 | spot SELL @ 99.45
2026-09-16T00:38:48 | INFO     | hl_arb | 📊 Arb entry: SOL | spread=-5.5bps
  Perp BUY 5.0276 @ 99.401
  Spot SELL 5.0276 @ 99.45
2026-09-16T00:38:49 | ERROR    | hl_arb | Order error: Order has invalid size.
2026-09-16T00:38:49 | ERROR    | hl_arb | Order error: Order has invalid size.
2026-09-16T00:38:49 | ERROR    | hl_arb | Arb entry rejected for SOL; resetting without opening a position
2026-09-16T00:38:49 | INFO     | hl_arb | Arb signal: SOL spread=-5.5bps | perp BUY @ 99.401 | spot SELL @ 99.45
2026-09-16T00:38:49 | INFO     | hl_arb | 📊 Arb entry: SOL | spread=-5.5bps
  Perp BUY 5.0276 @ 99.401
  Spot SELL 5.0276 @ 99.45
2026-09-16T00:38:50 | ERROR    | hl_arb | Order error: Order has invalid size.
2026-09-16T00:38:50 | ERROR    | hl_arb | Order error: Order has invalid size.
2026-09-16T00:38:50 | ERROR    | hl_arb | Arb entry rejected for SOL; resetting without opening a position
2026-09-16T00:38:50 | INFO     | hl_arb | Arb signal: SOL spread=-5.5bps | perp BUY @ 99.401 | spot SELL @ 99.45
2026-09-16T00:38:50 | INFO     | hl_arb | 📊 Arb entry: SOL | spread=-5.5bps
  Perp BUY 5.0276 @ 99.401
  Spot SELL 5.0276 @ 99.45
2026-09-16T00:38:51 | ERROR    | hl_arb | Order error: Order has invalid size.
2026-09-16T00:38:51 | ERROR    | hl_arb | Order error: Order has invalid size.
2026-09-16T00:38:51 | ERROR    | hl_arb | Arb entry rejected for SOL; resetting without opening a position
2026-09-16T00:38:51 | INFO     | hl_arb | Arb signal: ETH spread=-5.0bps | perp BUY @ 2419.7 | spot SELL @ 2419.8
2026-09-16T00:38:51 | INFO     | hl_arb | 📊 Arb entry: ETH | spread=-5.0bps
  Perp BUY 0.2066 @ 2419.7
  Spot SELL 0.2066 @ 2419.8
2026-09-16T00:38:52 | ERROR    | hl_arb | Order error: Insufficient spot balance asset=10151
2026-09-16T00:38:52 | INFO     | hl_arb | Order placed: ETH_BUY_1789483131643 | BUY 0.2066 ETH @ 2419.7 | oid=545762193278
2026-09-16T00:38:52 | INFO     | hl_arb | ✅ Order open: BUY 0.2066 ETH @ 2419.7
2026-09-16T00:38:52 | ERROR    | hl_arb | Arb entry rejected for ETH; resetting without opening a position
2026-09-16T00:38:53 | INFO     | hl_arb | Cancelled order ETH_BUY_1789483131643 (oid=545762193278)
2026-09-16T00:38:53 | INFO     | hl_arb | Arb signal: SOL spread=-4.4bps | perp BUY @ 99.45 | spot SELL @ 99.442
2026-09-16T00:38:53 | INFO     | hl_arb | 📊 Arb entry: SOL | spread=-4.4bps
  Perp BUY 5.0276 @ 99.45
  Spot SELL 5.0276 @ 99.442
2026-09-16T00:38:54 | ERROR    | hl_arb | Order error: Order has invalid size.
2026-09-16T00:38:54 | ERROR    | hl_arb | Order error: Order has invalid size.
2026-09-16T00:38:54 | ERROR    | hl_arb | Arb entry rejected for SOL; resetting without opening a position
2026-09-16T00:38:54 | INFO     | hl_arb | Arb signal: ETH spread=-5.0bps | perp BUY @ 2419.7 | spot SELL @ 2419.8
2026-09-16T00:38:54 | INFO     | hl_arb | 📊 Arb entry: ETH | spread=-5.0bps
  Perp BUY 0.2066 @ 2419.7
  Spot SELL 0.2066 @ 2419.8
2026-09-16T00:38:55 | ERROR    | hl_arb | Order error: Insufficient spot balance asset=10151
2026-09-16T00:38:55 | INFO     | hl_arb | Order placed: ETH_BUY_1789483134308 | BUY 0.2066 ETH @ 2419.7 | oid=545762246421
2026-09-16T00:38:55 | INFO     | hl_arb | ✅ Order open: BUY 0.2066 ETH @ 2419.7
2026-09-16T00:38:55 | ERROR    | hl_arb | Arb entry rejected for ETH; resetting without opening a position
2026-09-16T00:38:55 | INFO     | hl_arb | Cancelled order ETH_BUY_1789483134308 (oid=545762246421)
2026-09-16T00:38:55 | INFO     | hl_arb | Arb signal: SOL spread=-4.4bps | perp BUY @ 99.45 | spot SELL @ 99.442
2026-09-16T00:38:55 | INFO     | hl_arb | 📊 Arb entry: SOL | spread=-4.4bps
  Perp BUY 5.0276 @ 99.45
  Spot SELL 5.0276 @ 99.442
2026-09-16T00:38:56 | INFO     | hl_arb | Received SIGINT — shutting down…
2026-09-16T00:38:56 | INFO     | hl_arb | Stopping strategy and feed…
2026-09-16T00:38:56 | INFO     | hl_arb | PerpSpotArbStrategy stopping
2026-09-16T00:38:56 | INFO     | hl_arb | 🛑 Hyperliquid Arb Bot stopped
2026-09-16T00:38:56 | INFO     | hl_arb | Shutdown complete
2026-09-16T00:41:30 | INFO     | hl_arb | ============================================================
2026-09-16T00:41:30 | INFO     | hl_arb |   Hyperliquid Arb Bot starting
2026-09-16T00:41:30 | INFO     | hl_arb |   Wallet  : 0x69fA2304DD7EF1DAb42F15A5f0f0C8720d0C3Fc6
2026-09-16T00:41:30 | INFO     | hl_arb |   API URL : https://api.hyperliquid.xyz
2026-09-16T00:41:30 | INFO     | hl_arb |   Pairs   : [('ETH', 'ETH'), ('BTC', 'BTC'), ('SOL', 'SOL')]
2026-09-16T00:41:30 | INFO     | hl_arb | ============================================================
2026-09-16T00:41:30 | INFO     | hl_arb | 🤖 Hyperliquid Arb Bot started
2026-09-16T00:41:31 | INFO     | hl_arb | Loaded 234 asset indices
2026-09-16T00:41:31 | INFO     | hl_arb | OrderManager ready
2026-09-16T00:41:31 | INFO     | hl_arb | Connecting to WebSocket: wss://api.hyperliquid.xyz/ws
2026-09-16T00:41:31 | INFO     | hl_arb | PerpSpotArbStrategy starting
2026-09-16T00:41:31 | INFO     | hl_arb | WebSocket connected
2026-09-16T00:41:31 | INFO     | hl_arb | Arb signal: ETH spread=-4.1bps | perp BUY @ 2410.2 | spot SELL @ 2411.1
2026-09-16T00:41:31 | INFO     | hl_arb | 📊 Arb entry: ETH | spread=-4.1bps
  Perp BUY 0.2073 @ 2410.2
  Spot SELL 0.2073 @ 2411.1
2026-09-16T00:41:32 | INFO     | hl_arb | Order filled immediately: ETH_BUY_1789483291836 @ avg 2409.5
2026-09-16T00:41:32 | INFO     | hl_arb | 🎯 Order filled: BUY 0.2073 ETH @ 2409.5
2026-09-16T00:41:32 | ERROR    | hl_arb | Order error: Insufficient spot balance asset=10151
2026-09-16T00:41:32 | ERROR    | hl_arb | Arb entry rejected for ETH; resetting without opening a position
2026-09-16T00:41:32 | INFO     | hl_arb | Arb signal: SOL spread=-5.2bps | perp BUY @ 98.798 | spot SELL @ 98.818
2026-09-16T00:41:32 | INFO     | hl_arb | 📊 Arb entry: SOL | spread=-5.2bps
  Perp BUY 5.05 @ 98.798
  Spot SELL 5.05 @ 98.818
2026-09-16T00:41:33 | INFO     | hl_arb | Order filled immediately: SOL_BUY_1789483292803 @ avg 98.678
2026-09-16T00:41:33 | INFO     | hl_arb | 🎯 Order filled: BUY 5.05 SOL @ 98.678
2026-09-16T00:41:33 | ERROR    | hl_arb | Order error: Insufficient spot balance asset=10156
2026-09-16T00:41:33 | ERROR    | hl_arb | Arb entry rejected for SOL; resetting without opening a position
2026-09-16T00:41:33 | INFO     | hl_arb | Arb signal: ETH spread=-4.1bps | perp BUY @ 2410.2 | spot SELL @ 2411.1
2026-09-16T00:41:33 | INFO     | hl_arb | 📊 Arb entry: ETH | spread=-4.1bps
  Perp BUY 0.2073 @ 2410.2
  Spot SELL 0.2073 @ 2411.1
2026-09-16T00:41:34 | INFO     | hl_arb | Order filled immediately: ETH_BUY_1789483293967 @ avg 2409.5
2026-09-16T00:41:34 | INFO     | hl_arb | 🎯 Order filled: BUY 0.2073 ETH @ 2409.5
2026-09-16T00:41:34 | ERROR    | hl_arb | Order error: Insufficient spot balance asset=10151
2026-09-16T00:41:34 | ERROR    | hl_arb | Arb entry rejected for ETH; resetting without opening a position
2026-09-16T00:41:34 | INFO     | hl_arb | Arb signal: SOL spread=-7.2bps | perp BUY @ 98.678 | spot SELL @ 98.718
2026-09-16T00:41:34 | INFO     | hl_arb | 📊 Arb entry: SOL | spread=-7.2bps
  Perp BUY 5.06 @ 98.678
  Spot SELL 5.06 @ 98.718
2026-09-16T00:41:35 | ERROR    | hl_arb | Order error: Insufficient spot balance asset=10156
2026-09-16T00:41:35 | INFO     | hl_arb | Order filled immediately: SOL_BUY_1789483294954 @ avg 98.6598
2026-09-16T00:41:35 | INFO     | hl_arb | 🎯 Order filled: BUY 5.06 SOL @ 98.6598
2026-09-16T00:41:35 | ERROR    | hl_arb | Arb entry rejected for SOL; resetting without opening a position
2026-09-16T00:41:35 | INFO     | hl_arb | Arb signal: ETH spread=-5.0bps | perp BUY @ 2409.5 | spot SELL @ 2410.4
2026-09-16T00:41:35 | INFO     | hl_arb | 📊 Arb entry: ETH | spread=-5.0bps
  Perp BUY 0.2074 @ 2409.5
  Spot SELL 0.2074 @ 2410.4
2026-09-16T00:41:36 | ERROR    | hl_arb | Order error: Insufficient spot balance asset=10151
2026-09-16T00:41:36 | INFO     | hl_arb | Order filled immediately: ETH_BUY_1789483295957 @ avg 2409.5
2026-09-16T00:41:36 | INFO     | hl_arb | 🎯 Order filled: BUY 0.2074 ETH @ 2409.5
2026-09-16T00:41:36 | ERROR    | hl_arb | Arb entry rejected for ETH; resetting without opening a position
2026-09-16T00:41:36 | INFO     | hl_arb | Arb signal: SOL spread=-7.2bps | perp BUY @ 98.678 | spot SELL @ 98.718
2026-09-16T00:41:36 | INFO     | hl_arb | 📊 Arb entry: SOL | spread=-7.2bps
  Perp BUY 5.06 @ 98.678
  Spot SELL 5.06 @ 98.718
2026-09-16T00:41:37 | ERROR    | hl_arb | Order error: Insufficient spot balance asset=10156
2026-09-16T00:41:37 | INFO     | hl_arb | Order filled immediately: SOL_BUY_1789483296841 @ avg 98.641
2026-09-16T00:41:37 | INFO     | hl_arb | 🎯 Order filled: BUY 5.06 SOL @ 98.641
2026-09-16T00:41:37 | ERROR    | hl_arb | Arb entry rejected for SOL; resetting without opening a position
2026-09-16T00:41:37 | INFO     | hl_arb | Arb signal: ETH spread=-5.0bps | perp BUY @ 2409.5 | spot SELL @ 2410.4
2026-09-16T00:41:37 | INFO     | hl_arb | 📊 Arb entry: ETH | spread=-5.0bps
  Perp BUY 0.2074 @ 2409.5
  Spot SELL 0.2074 @ 2410.4
2026-09-16T00:41:38 | INFO     | hl_arb | Order placed: ETH_BUY_1789483297903 | BUY 0.2074 ETH @ 2409.5 | oid=545766109107
2026-09-16T00:41:38 | INFO     | hl_arb | ✅ Order open: BUY 0.2074 ETH @ 2409.5
2026-09-16T00:41:38 | ERROR    | hl_arb | Order error: Insufficient spot balance asset=10151
2026-09-16T00:41:38 | ERROR    | hl_arb | Arb entry rejected for ETH; resetting without opening a position
2026-09-16T00:41:40 | INFO     | hl_arb | Cancelled order ETH_BUY_1789483297903 (oid=545766109107)
2026-09-16T00:41:40 | INFO     | hl_arb | Arb signal: SOL spread=-6.6bps | perp BUY @ 98.631 | spot SELL @ 98.68
2026-09-16T00:41:40 | INFO     | hl_arb | 📊 Arb entry: SOL | spread=-6.6bps
  Perp BUY 5.06 @ 98.631
  Spot SELL 5.06 @ 98.68
2026-09-16T00:41:40 | ERROR    | hl_arb | Order error: Insufficient spot balance asset=10156
2026-09-16T00:41:40 | INFO     | hl_arb | Order placed: SOL_BUY_1789483300025 | BUY 5.06 SOL @ 98.631 | oid=545766156014
2026-09-16T00:41:40 | INFO     | hl_arb | ✅ Order open: BUY 5.06 SOL @ 98.631
2026-09-16T00:41:40 | ERROR    | hl_arb | Arb entry rejected for SOL; resetting without opening a position
2026-09-16T00:41:41 | INFO     | hl_arb | Cancelled order SOL_BUY_1789483300025 (oid=545766156014)
2026-09-16T00:41:41 | INFO     | hl_arb | Arb signal: SOL spread=-6.6bps | perp BUY @ 98.631 | spot SELL @ 98.68
2026-09-16T00:41:41 | INFO     | hl_arb | 📊 Arb entry: SOL | spread=-6.6bps
  Perp BUY 5.06 @ 98.631
  Spot SELL 5.06 @ 98.68
2026-09-16T00:41:42 | INFO     | hl_arb | Order filled immediately: SOL_BUY_1789483301889 @ avg 98.591
2026-09-16T00:41:42 | INFO     | hl_arb | 🎯 Order filled: BUY 5.06 SOL @ 98.591
2026-09-16T00:41:42 | ERROR    | hl_arb | Order error: Insufficient spot balance asset=10156
2026-09-16T00:41:42 | ERROR    | hl_arb | Arb entry rejected for SOL; resetting without opening a position
2026-09-16T00:41:42 | INFO     | hl_arb | Arb signal: SOL spread=-6.6bps | perp BUY @ 98.631 | spot SELL @ 98.68
2026-09-16T00:41:42 | INFO     | hl_arb | 📊 Arb entry: SOL | spread=-6.6bps
  Perp BUY 5.06 @ 98.631
  Spot SELL 5.06 @ 98.68
2026-09-16T00:41:43 | ERROR    | hl_arb | Order error: Insufficient spot balance asset=10156
2026-09-16T00:41:43 | INFO     | hl_arb | Order filled immediately: SOL_BUY_1789483302825 @ avg 98.609
2026-09-16T00:41:43 | INFO     | hl_arb | 🎯 Order filled: BUY 5.06 SOL @ 98.609
2026-09-16T00:41:43 | ERROR    | hl_arb | Arb entry rejected for SOL; resetting without opening a position
2026-09-16T00:41:43 | INFO     | hl_arb | Arb signal: SOL spread=-6.6bps | perp BUY @ 98.631 | spot SELL @ 98.68
2026-09-16T00:41:43 | INFO     | hl_arb | 📊 Arb entry: SOL | spread=-6.6bps
  Perp BUY 5.06 @ 98.631
  Spot SELL 5.06 @ 98.68
2026-09-16T00:41:44 | INFO     | hl_arb | Order filled immediately: SOL_BUY_1789483303745 @ avg 98.611
2026-09-16T00:41:44 | INFO     | hl_arb | 🎯 Order filled: BUY 5.06 SOL @ 98.611
2026-09-16T00:41:44 | ERROR    | hl_arb | Order error: Insufficient spot balance asset=10156
2026-09-16T00:41:44 | ERROR    | hl_arb | Arb entry rejected for SOL; resetting without opening a position
2026-09-16T00:41:44 | INFO     | hl_arb | Arb signal: ETH spread=-5.4bps | perp BUY @ 2409.1 | spot SELL @ 2410.3
2026-09-16T00:41:44 | INFO     | hl_arb | 📊 Arb entry: ETH | spread=-5.4bps
  Perp BUY 0.2074 @ 2409.1
  Spot SELL 0.2074 @ 2410.3
2026-09-16T00:41:45 | ERROR    | hl_arb | Order error: Insufficient spot balance asset=10151
2026-09-16T00:41:45 | INFO     | hl_arb | Order placed: ETH_BUY_1789483304726 | BUY 0.2074 ETH @ 2409.1 | oid=545766235233
2026-09-16T00:41:45 | INFO     | hl_arb | ✅ Order open: BUY 0.2074 ETH @ 2409.1
2026-09-16T00:41:45 | ERROR    | hl_arb | Arb entry rejected for ETH; resetting without opening a position
2026-09-16T00:41:46 | INFO     | hl_arb | Cancelled order ETH_BUY_1789483304726 (oid=545766235233)
2026-09-16T00:41:46 | INFO     | hl_arb | Arb signal: SOL spread=-6.3bps | perp BUY @ 98.611 | spot SELL @ 98.654
2026-09-16T00:41:46 | INFO     | hl_arb | 📊 Arb entry: SOL | spread=-6.3bps
  Perp BUY 5.06 @ 98.611
  Spot SELL 5.06 @ 98.654
2026-09-16T00:41:47 | INFO     | hl_arb | Order filled immediately: SOL_BUY_1789483306419 @ avg 98.601
2026-09-16T00:41:47 | INFO     | hl_arb | 🎯 Order filled: BUY 5.06 SOL @ 98.601
2026-09-16T00:41:47 | ERROR    | hl_arb | Order error: Insufficient spot balance asset=10156
2026-09-16T00:41:47 | ERROR    | hl_arb | Arb entry rejected for SOL; resetting without opening a position
2026-09-16T00:41:47 | INFO     | hl_arb | Arb signal: ETH spread=-5.4bps | perp BUY @ 2409.1 | spot SELL @ 2410.3
2026-09-16T00:41:47 | INFO     | hl_arb | 📊 Arb entry: ETH | spread=-5.4bps
  Perp BUY 0.2074 @ 2409.1
  Spot SELL 0.2074 @ 2410.3
2026-09-16T00:41:48 | INFO     | hl_arb | Order placed: ETH_BUY_1789483307314 | BUY 0.2074 ETH @ 2409.1 | oid=545766275704
2026-09-16T00:41:48 | INFO     | hl_arb | ✅ Order open: BUY 0.2074 ETH @ 2409.1
2026-09-16T00:41:48 | ERROR    | hl_arb | Order error: Insufficient spot balance asset=10151
2026-09-16T00:41:48 | ERROR    | hl_arb | Arb entry rejected for ETH; resetting without opening a position
2026-09-16T00:41:49 | INFO     | hl_arb | Cancelled order ETH_BUY_1789483307314 (oid=545766275704)
2026-09-16T00:41:49 | INFO     | hl_arb | Arb signal: SOL spread=-6.3bps | perp BUY @ 98.611 | spot SELL @ 98.654
2026-09-16T00:41:49 | INFO     | hl_arb | 📊 Arb entry: SOL | spread=-6.3bps
  Perp BUY 5.06 @ 98.611
  Spot SELL 5.06 @ 98.654
2026-09-16T00:41:49 | ERROR    | hl_arb | Order error: Insufficient spot balance asset=10156
2026-09-16T00:41:50 | INFO     | hl_arb | Order placed: SOL_BUY_1789483309085 | BUY 5.06 SOL @ 98.611 | oid=545766308205
2026-09-16T00:41:50 | INFO     | hl_arb | ✅ Order open: BUY 5.06 SOL @ 98.611
2026-09-16T00:41:50 | ERROR    | hl_arb | Arb entry rejected for SOL; resetting without opening a position
2026-09-16T00:41:50 | INFO     | hl_arb | Cancelled order SOL_BUY_1789483309085 (oid=545766308205)
2026-09-16T00:41:51 | INFO     | hl_arb | Arb signal: ETH spread=-6.4bps | perp BUY @ 2409.0 | spot SELL @ 2410.4
2026-09-16T00:41:51 | INFO     | hl_arb | 📊 Arb entry: ETH | spread=-6.4bps
  Perp BUY 0.2074 @ 2409.0
  Spot SELL 0.2074 @ 2410.4
2026-09-16T00:41:51 | ERROR    | hl_arb | Order rejected by exchange: {'status': 'err', 'response': 'User or API Wallet 0x7c12e3bc42c89b6e686023941222f525f51d0c3f does not exist.'}
2026-09-16T00:41:51 | ERROR    | hl_arb | Order error: Insufficient spot balance asset=10151
2026-09-16T00:41:51 | ERROR    | hl_arb | Arb entry rejected for ETH; resetting without opening a position
2026-09-16T00:41:51 | INFO     | hl_arb | Arb signal: SOL spread=-4.9bps | perp BUY @ 98.623 | spot SELL @ 98.669
2026-09-16T00:41:51 | INFO     | hl_arb | 📊 Arb entry: SOL | spread=-4.9bps
  Perp BUY 5.06 @ 98.623
  Spot SELL 5.06 @ 98.669
2026-09-16T00:41:52 | INFO     | hl_arb | Order filled immediately: SOL_BUY_1789483311979 @ avg 98.538
2026-09-16T00:41:52 | INFO     | hl_arb | 🎯 Order filled: BUY 5.06 SOL @ 98.538
2026-09-16T00:41:52 | ERROR    | hl_arb | Order error: Insufficient spot balance asset=10156
2026-09-16T00:41:52 | ERROR    | hl_arb | Arb entry rejected for SOL; resetting without opening a position
2026-09-16T00:41:53 | INFO     | hl_arb | Arb signal: ETH spread=-6.4bps | perp BUY @ 2409.0 | spot SELL @ 2410.4
2026-09-16T00:41:53 | INFO     | hl_arb | 📊 Arb entry: ETH | spread=-6.4bps
  Perp BUY 0.2074 @ 2409.0
  Spot SELL 0.2074 @ 2410.4
2026-09-16T00:41:53 | ERROR    | hl_arb | Order rejected by exchange: {'status': 'err', 'response': 'User or API Wallet 0xa84d909b063d8f8a3902deea66f17dbf0e628a39 does not exist.'}
2026-09-16T00:41:53 | ERROR    | hl_arb | Order error: Insufficient spot balance asset=10151
2026-09-16T00:41:53 | ERROR    | hl_arb | Arb entry rejected for ETH; resetting without opening a position
2026-09-16T00:41:53 | INFO     | hl_arb | Arb signal: SOL spread=-4.9bps | perp BUY @ 98.623 | spot SELL @ 98.669
2026-09-16T00:41:53 | INFO     | hl_arb | 📊 Arb entry: SOL | spread=-4.9bps
  Perp BUY 5.06 @ 98.623
  Spot SELL 5.06 @ 98.669
2026-09-16T00:41:54 | INFO     | hl_arb | Order filled immediately: SOL_BUY_1789483313984 @ avg 98.58
2026-09-16T00:41:54 | INFO     | hl_arb | 🎯 Order filled: BUY 5.06 SOL @ 98.58
2026-09-16T00:41:55 | ERROR    | hl_arb | Order error: Insufficient spot balance asset=10156
2026-09-16T00:41:55 | ERROR    | hl_arb | Arb entry rejected for SOL; resetting without opening a position
2026-09-16T00:41:55 | INFO     | hl_arb | Arb signal: ETH spread=-4.4bps | perp BUY @ 2410.0 | spot SELL @ 2410.6
2026-09-16T00:41:55 | INFO     | hl_arb | 📊 Arb entry: ETH | spread=-4.4bps
  Perp BUY 0.2074 @ 2410.0
  Spot SELL 0.2074 @ 2410.6
2026-09-16T00:41:55 | ERROR    | hl_arb | Order rejected by exchange: {'status': 'err', 'response': 'User or API Wallet 0x02102f9f6f1ef2076b8655d37cd104ec3fea88af does not exist.'}
2026-09-16T00:41:56 | ERROR    | hl_arb | Order error: Insufficient spot balance asset=10151
2026-09-16T00:41:56 | ERROR    | hl_arb | Arb entry rejected for ETH; resetting without opening a position
2026-09-16T00:41:56 | INFO     | hl_arb | Arb signal: SOL spread=-8.5bps | perp BUY @ 98.58 | spot SELL @ 98.648
2026-09-16T00:41:56 | INFO     | hl_arb | 📊 Arb entry: SOL | spread=-8.5bps
  Perp BUY 5.06 @ 98.58
  Spot SELL 5.06 @ 98.648
2026-09-16T00:41:56 | ERROR    | hl_arb | POST error to https://api.hyperliquid.xyz/exchange: [WinError 1236] The network connection was aborted by the local system
2026-09-16T00:41:56 | ERROR    | hl_arb | POST error to https://api.hyperliquid.xyz/exchange: [WinError 1236] The network connection was aborted by the local system
2026-09-16T00:41:56 | ERROR    | hl_arb | Arb entry rejected for SOL; resetting without opening a position
2026-09-16T00:41:57 | INFO     | hl_arb | Arb signal: ETH spread=-4.4bps | perp BUY @ 2410.0 | spot SELL @ 2410.6
2026-09-16T00:41:57 | INFO     | hl_arb | 📊 Arb entry: ETH | spread=-4.4bps
  Perp BUY 0.2074 @ 2410.0
  Spot SELL 0.2074 @ 2410.6
2026-09-16T00:41:57 | WARNING  | hl_arb | WebSocket closed: no close frame received or sent. Reconnecting in 1s…
2026-09-16T00:41:57 | ERROR    | hl_arb | POST error to https://api.hyperliquid.xyz/exchange: Cannot connect to host api.hyperliquid.xyz:443 ssl:default [getaddrinfo failed]
2026-09-16T00:41:57 | ERROR    | hl_arb | POST error to https://api.hyperliquid.xyz/exchange: Cannot connect to host api.hyperliquid.xyz:443 ssl:default [getaddrinfo failed]
2026-09-16T00:41:57 | ERROR    | hl_arb | Arb entry rejected for ETH; resetting without opening a position
2026-09-16T00:41:57 | INFO     | hl_arb | Arb signal: SOL spread=-8.5bps | perp BUY @ 98.58 | spot SELL @ 98.648
2026-09-16T00:41:57 | INFO     | hl_arb | 📊 Arb entry: SOL | spread=-8.5bps
  Perp BUY 5.06 @ 98.58
  Spot SELL 5.06 @ 98.648
2026-09-16T00:41:57 | ERROR    | hl_arb | POST error to https://api.hyperliquid.xyz/exchange: Cannot connect to host api.hyperliquid.xyz:443 ssl:default [getaddrinfo failed]
2026-09-16T00:41:57 | ERROR    | hl_arb | POST error to https://api.hyperliquid.xyz/exchange: Cannot connect to host api.hyperliquid.xyz:443 ssl:default [getaddrinfo failed]
2026-09-16T00:41:57 | ERROR    | hl_arb | Arb entry rejected for SOL; resetting without opening a position
2026-09-16T00:41:57 | INFO     | hl_arb | Arb signal: ETH spread=-4.4bps | perp BUY @ 2410.0 | spot SELL @ 2410.6
2026-09-16T00:41:57 | INFO     | hl_arb | 📊 Arb entry: ETH | spread=-4.4bps
  Perp BUY 0.2074 @ 2410.0
  Spot SELL 0.2074 @ 2410.6
2026-09-16T00:41:57 | ERROR    | hl_arb | POST error to https://api.hyperliquid.xyz/exchange: Cannot connect to host api.hyperliquid.xyz:443 ssl:default [getaddrinfo failed]
2026-09-16T00:41:57 | ERROR    | hl_arb | POST error to https://api.hyperliquid.xyz/exchange: Cannot connect to host api.hyperliquid.xyz:443 ssl:default [getaddrinfo failed]
2026-09-16T00:41:57 | ERROR    | hl_arb | Arb entry rejected for ETH; resetting without opening a position
2026-09-16T00:41:57 | INFO     | hl_arb | Arb signal: SOL spread=-8.5bps | perp BUY @ 98.58 | spot SELL @ 98.648
2026-09-16T00:41:57 | INFO     | hl_arb | 📊 Arb entry: SOL | spread=-8.5bps
  Perp BUY 5.06 @ 98.58
  Spot SELL 5.06 @ 98.648
2026-09-16T00:41:57 | ERROR    | hl_arb | POST error to https://api.hyperliquid.xyz/exchange: Cannot connect to host api.hyperliquid.xyz:443 ssl:default [getaddrinfo failed]
2026-09-16T00:41:57 | ERROR    | hl_arb | POST error to https://api.hyperliquid.xyz/exchange: Cannot connect to host api.hyperliquid.xyz:443 ssl:default [getaddrinfo failed]
2026-09-16T00:41:57 | ERROR    | hl_arb | Arb entry rejected for SOL; resetting without opening a position
2026-09-16T00:41:57 | INFO     | hl_arb | Arb signal: ETH spread=-4.4bps | perp BUY @ 2410.0 | spot SELL @ 2410.6
2026-09-16T00:41:57 | INFO     | hl_arb | 📊 Arb entry: ETH | spread=-4.4bps
  Perp BUY 0.2074 @ 2410.0
  Spot SELL 0.2074 @ 2410.6
2026-09-16T00:41:57 | ERROR    | hl_arb | POST error to https://api.hyperliquid.xyz/exchange: Cannot connect to host api.hyperliquid.xyz:443 ssl:default [getaddrinfo failed]
2026-09-16T00:41:57 | ERROR    | hl_arb | POST error to https://api.hyperliquid.xyz/exchange: Cannot connect to host api.hyperliquid.xyz:443 ssl:default [getaddrinfo failed]
2026-09-16T00:41:57 | ERROR    | hl_arb | Arb entry rejected for ETH; resetting without opening a position
2026-09-16T00:41:57 | INFO     | hl_arb | Arb signal: SOL spread=-8.5bps | perp BUY @ 98.58 | spot SELL @ 98.648
2026-09-16T00:41:57 | INFO     | hl_arb | 📊 Arb entry: SOL | spread=-8.5bps
  Perp BUY 5.06 @ 98.58
  Spot SELL 5.06 @ 98.648
2026-09-16T00:41:57 | ERROR    | hl_arb | POST error to https://api.hyperliquid.xyz/exchange: Cannot connect to host api.hyperliquid.xyz:443 ssl:default [getaddrinfo failed]
2026-09-16T00:41:57 | ERROR    | hl_arb | POST error to https://api.hyperliquid.xyz/exchange: Cannot connect to host api.hyperliquid.xyz:443 ssl:default [getaddrinfo failed]
2026-09-16T00:41:57 | ERROR    | hl_arb | Arb entry rejected for SOL; resetting without opening a position
2026-09-16T00:41:57 | INFO     | hl_arb | Arb signal: ETH spread=-4.4bps | perp BUY @ 2410.0 | spot SELL @ 2410.6
2026-09-16T00:41:57 | INFO     | hl_arb | 📊 Arb entry: ETH | spread=-4.4bps
  Perp BUY 0.2074 @ 2410.0
  Spot SELL 0.2074 @ 2410.6
2026-09-16T00:41:57 | ERROR    | hl_arb | POST error to https://api.hyperliquid.xyz/exchange: Cannot connect to host api.hyperliquid.xyz:443 ssl:default [getaddrinfo failed]
2026-09-16T00:41:57 | ERROR    | hl_arb | POST error to https://api.hyperliquid.xyz/exchange: Cannot connect to host api.hyperliquid.xyz:443 ssl:default [getaddrinfo failed]
2026-09-16T00:41:57 | ERROR    | hl_arb | Arb entry rejected for ETH; resetting without opening a position
2026-09-16T00:41:57 | INFO     | hl_arb | Arb signal: SOL spread=-8.5bps | perp BUY @ 98.58 | spot SELL @ 98.648
2026-09-16T00:41:57 | INFO     | hl_arb | 📊 Arb entry: SOL | spread=-8.5bps
  Perp BUY 5.06 @ 98.58
  Spot SELL 5.06 @ 98.648
2026-09-16T00:41:57 | ERROR    | hl_arb | POST error to https://api.hyperliquid.xyz/exchange: Cannot connect to host api.hyperliquid.xyz:443 ssl:default [getaddrinfo failed]
2026-09-16T00:41:57 | ERROR    | hl_arb | POST error to https://api.hyperliquid.xyz/exchange: Cannot connect to host api.hyperliquid.xyz:443 ssl:default [getaddrinfo failed]
2026-09-16T00:41:57 | ERROR    | hl_arb | Arb entry rejected for SOL; resetting without opening a position
2026-09-16T00:41:57 | INFO     | hl_arb | Arb signal: ETH spread=-4.4bps | perp BUY @ 2410.0 | spot SELL @ 2410.6
2026-09-16T00:41:57 | INFO     | hl_arb | 📊 Arb entry: ETH | spread=-4.4bps
  Perp BUY 0.2074 @ 2410.0
  Spot SELL 0.2074 @ 2410.6
2026-09-16T00:41:57 | ERROR    | hl_arb | POST error to https://api.hyperliquid.xyz/exchange: Cannot connect to host api.hyperliquid.xyz:443 ssl:default [getaddrinfo failed]
2026-09-16T00:41:57 | ERROR    | hl_arb | POST error to https://api.hyperliquid.xyz/exchange: Cannot connect to host api.hyperliquid.xyz:443 ssl:default [getaddrinfo failed]
2026-09-16T00:41:57 | ERROR    | hl_arb | Arb entry rejected for ETH; resetting without opening a position
2026-09-16T00:41:57 | INFO     | hl_arb | Arb signal: SOL spread=-8.5bps | perp BUY @ 98.58 | spot SELL @ 98.648
2026-09-16T00:41:57 | INFO     | hl_arb | 📊 Arb entry: SOL | spread=-8.5bps
  Perp BUY 5.06 @ 98.58
  Spot SELL 5.06 @ 98.648
2026-09-16T00:41:57 | ERROR    | hl_arb | POST error to https://api.hyperliquid.xyz/exchange: Cannot connect to host api.hyperliquid.xyz:443 ssl:default [getaddrinfo failed]
2026-09-16T00:41:57 | ERROR    | hl_arb | POST error to https://api.hyperliquid.xyz/exchange: Cannot connect to host api.hyperliquid.xyz:443 ssl:default [getaddrinfo failed]
2026-09-16T00:41:57 | ERROR    | hl_arb | Arb entry rejected for SOL; resetting without opening a position
2026-09-16T00:41:57 | INFO     | hl_arb | Arb signal: ETH spread=-4.4bps | perp BUY @ 2410.0 | spot SELL @ 2410.6
2026-09-16T00:41:57 | INFO     | hl_arb | 📊 Arb entry: ETH | spread=-4.4bps
  Perp BUY 0.2074 @ 2410.0
  Spot SELL 0.2074 @ 2410.6
2026-09-16T00:41:57 | ERROR    | hl_arb | POST error to https://api.hyperliquid.xyz/exchange: Cannot connect to host api.hyperliquid.xyz:443 ssl:default [getaddrinfo failed]
2026-09-16T00:41:57 | ERROR    | hl_arb | POST error to https://api.hyperliquid.xyz/exchange: Cannot connect to host api.hyperliquid.xyz:443 ssl:default [getaddrinfo failed]
2026-09-16T00:41:57 | ERROR    | hl_arb | Arb entry rejected for ETH; resetting without opening a position
2026-09-16T00:41:57 | INFO     | hl_arb | Arb signal: SOL spread=-8.5bps | perp BUY @ 98.58 | spot SELL @ 98.648
2026-09-16T00:41:57 | INFO     | hl_arb | 📊 Arb entry: SOL | spread=-8.5bps
  Perp BUY 5.06 @ 98.58
  Spot SELL 5.06 @ 98.648
2026-09-16T00:41:57 | ERROR    | hl_arb | POST error to https://api.hyperliquid.xyz/exchange: Cannot connect to host api.hyperliquid.xyz:443 ssl:default [getaddrinfo failed]
2026-09-16T00:41:57 | ERROR    | hl_arb | POST error to https://api.hyperliquid.xyz/exchange: Cannot connect to host api.hyperliquid.xyz:443 ssl:default [getaddrinfo failed]
2026-09-16T00:41:57 | ERROR    | hl_arb | Arb entry rejected for SOL; resetting without opening a position
2026-09-16T00:41:58 | INFO     | hl_arb | Arb signal: ETH spread=-4.4bps | perp BUY @ 2410.0 | spot SELL @ 2410.6
2026-09-16T00:41:58 | INFO     | hl_arb | 📊 Arb entry: ETH | spread=-4.4bps
  Perp BUY 0.2074 @ 2410.0
  Spot SELL 0.2074 @ 2410.6
2026-09-16T00:41:58 | ERROR    | hl_arb | POST error to https://api.hyperliquid.xyz/exchange: Cannot connect to host api.hyperliquid.xyz:443 ssl:default [getaddrinfo failed]
2026-09-16T00:41:58 | ERROR    | hl_arb | POST error to https://api.hyperliquid.xyz/exchange: Cannot connect to host api.hyperliquid.xyz:443 ssl:default [getaddrinfo failed]
2026-09-16T00:41:58 | ERROR    | hl_arb | Arb entry rejected for ETH; resetting without opening a position
2026-09-16T00:41:58 | INFO     | hl_arb | Arb signal: SOL spread=-8.5bps | perp BUY @ 98.58 | spot SELL @ 98.648
2026-09-16T00:41:58 | INFO     | hl_arb | 📊 Arb entry: SOL | spread=-8.5bps
  Perp BUY 5.06 @ 98.58
  Spot SELL 5.06 @ 98.648
2026-09-16T00:41:58 | ERROR    | hl_arb | POST error to https://api.hyperliquid.xyz/exchange: Cannot connect to host api.hyperliquid.xyz:443 ssl:default [getaddrinfo failed]
2026-09-16T00:41:58 | ERROR    | hl_arb | POST error to https://api.hyperliquid.xyz/exchange: Cannot connect to host api.hyperliquid.xyz:443 ssl:default [getaddrinfo failed]
2026-09-16T00:41:58 | ERROR    | hl_arb | Arb entry rejected for SOL; resetting without opening a position
2026-09-16T00:41:58 | INFO     | hl_arb | Connecting to WebSocket: wss://api.hyperliquid.xyz/ws
2026-09-16T00:41:58 | ERROR    | hl_arb | WebSocket error: [Errno 11001] getaddrinfo failed. Reconnecting in 2s…
2026-09-16T00:41:58 | ERROR    | hl_arb | WebSocket error: [Errno 11001] getaddrinfo failed
2026-09-16T00:41:58 | INFO     | hl_arb | Arb signal: ETH spread=-4.4bps | perp BUY @ 2410.0 | spot SELL @ 2410.6
2026-09-16T00:41:58 | INFO     | hl_arb | 📊 Arb entry: ETH | spread=-4.4bps
  Perp BUY 0.2074 @ 2410.0
  Spot SELL 0.2074 @ 2410.6
2026-09-16T00:41:58 | ERROR    | hl_arb | POST error to https://api.hyperliquid.xyz/exchange: Cannot connect to host api.hyperliquid.xyz:443 ssl:default [getaddrinfo failed]
2026-09-16T00:41:58 | ERROR    | hl_arb | POST error to https://api.hyperliquid.xyz/exchange: Cannot connect to host api.hyperliquid.xyz:443 ssl:default [getaddrinfo failed]
2026-09-16T00:41:58 | ERROR    | hl_arb | Arb entry rejected for ETH; resetting without opening a position
2026-09-16T00:41:58 | INFO     | hl_arb | Arb signal: SOL spread=-8.5bps | perp BUY @ 98.58 | spot SELL @ 98.648
2026-09-16T00:41:58 | INFO     | hl_arb | 📊 Arb entry: SOL | spread=-8.5bps
  Perp BUY 5.06 @ 98.58
  Spot SELL 5.06 @ 98.648
2026-09-16T00:41:58 | ERROR    | hl_arb | POST error to https://api.hyperliquid.xyz/exchange: Cannot connect to host api.hyperliquid.xyz:443 ssl:default [getaddrinfo failed]
2026-09-16T00:41:58 | ERROR    | hl_arb | POST error to https://api.hyperliquid.xyz/exchange: Cannot connect to host api.hyperliquid.xyz:443 ssl:default [getaddrinfo failed]
2026-09-16T00:41:58 | ERROR    | hl_arb | Arb entry rejected for SOL; resetting without opening a position
2026-09-16T00:41:58 | INFO     | hl_arb | Arb signal: ETH spread=-4.4bps | perp BUY @ 2410.0 | spot SELL @ 2410.6
2026-09-16T00:41:58 | INFO     | hl_arb | 📊 Arb entry: ETH | spread=-4.4bps
  Perp BUY 0.2074 @ 2410.0
  Spot SELL 0.2074 @ 2410.6
2026-09-16T00:41:58 | ERROR    | hl_arb | POST error to https://api.hyperliquid.xyz/exchange: Cannot connect to host api.hyperliquid.xyz:443 ssl:default [getaddrinfo failed]
2026-09-16T00:41:58 | ERROR    | hl_arb | POST error to https://api.hyperliquid.xyz/exchange: Cannot connect to host api.hyperliquid.xyz:443 ssl:default [getaddrinfo failed]
2026-09-16T00:41:58 | ERROR    | hl_arb | Arb entry rejected for ETH; resetting without opening a position
2026-09-16T00:41:58 | INFO     | hl_arb | Arb signal: SOL spread=-8.5bps | perp BUY @ 98.58 | spot SELL @ 98.648
2026-09-16T00:41:58 | INFO     | hl_arb | 📊 Arb entry: SOL | spread=-8.5bps
  Perp BUY 5.06 @ 98.58
  Spot SELL 5.06 @ 98.648
2026-09-16T00:41:58 | ERROR    | hl_arb | POST error to https://api.hyperliquid.xyz/exchange: Cannot connect to host api.hyperliquid.xyz:443 ssl:default [getaddrinfo failed]
2026-09-16T00:41:58 | ERROR    | hl_arb | POST error to https://api.hyperliquid.xyz/exchange: Cannot connect to host api.hyperliquid.xyz:443 ssl:default [getaddrinfo failed]
2026-09-16T00:41:58 | ERROR    | hl_arb | Arb entry rejected for SOL; resetting without opening a position
2026-09-16T00:41:58 | INFO     | hl_arb | Arb signal: ETH spread=-4.4bps | perp BUY @ 2410.0 | spot SELL @ 2410.6
2026-09-16T00:41:58 | INFO     | hl_arb | 📊 Arb entry: ETH | spread=-4.4bps
  Perp BUY 0.2074 @ 2410.0
  Spot SELL 0.2074 @ 2410.6
2026-09-16T00:41:58 | ERROR    | hl_arb | POST error to https://api.hyperliquid.xyz/exchange: Cannot connect to host api.hyperliquid.xyz:443 ssl:default [getaddrinfo failed]
2026-09-16T00:41:58 | ERROR    | hl_arb | POST error to https://api.hyperliquid.xyz/exchange: Cannot connect to host api.hyperliquid.xyz:443 ssl:default [getaddrinfo failed]
2026-09-16T00:41:58 | ERROR    | hl_arb | Arb entry rejected for ETH; resetting without opening a position
2026-09-16T00:41:58 | INFO     | hl_arb | Arb signal: SOL spread=-8.5bps | perp BUY @ 98.58 | spot SELL @ 98.648
2026-09-16T00:41:58 | INFO     | hl_arb | 📊 Arb entry: SOL | spread=-8.5bps
  Perp BUY 5.06 @ 98.58
  Spot SELL 5.06 @ 98.648
2026-09-16T00:41:58 | ERROR    | hl_arb | POST error to https://api.hyperliquid.xyz/exchange: Cannot connect to host api.hyperliquid.xyz:443 ssl:default [getaddrinfo failed]
2026-09-16T00:41:58 | ERROR    | hl_arb | POST error to https://api.hyperliquid.xyz/exchange: Cannot connect to host api.hyperliquid.xyz:443 ssl:default [getaddrinfo failed]
2026-09-16T00:41:58 | ERROR    | hl_arb | Arb entry rejected for SOL; resetting without opening a position
2026-09-16T00:41:58 | INFO     | hl_arb | Arb signal: ETH spread=-4.4bps | perp BUY @ 2410.0 | spot SELL @ 2410.6
2026-09-16T00:41:58 | INFO     | hl_arb | 📊 Arb entry: ETH | spread=-4.4bps
  Perp BUY 0.2074 @ 2410.0
  Spot SELL 0.2074 @ 2410.6
2026-09-16T00:41:58 | ERROR    | hl_arb | POST error to https://api.hyperliquid.xyz/exchange: Cannot connect to host api.hyperliquid.xyz:443 ssl:default [getaddrinfo failed]
2026-09-16T00:41:58 | ERROR    | hl_arb | POST error to https://api.hyperliquid.xyz/exchange: Cannot connect to host api.hyperliquid.xyz:443 ssl:default [getaddrinfo failed]
2026-09-16T00:41:58 | ERROR    | hl_arb | Arb entry rejected for ETH; resetting without opening a position
2026-09-16T00:41:58 | INFO     | hl_arb | Arb signal: SOL spread=-8.5bps | perp BUY @ 98.58 | spot SELL @ 98.648
2026-09-16T00:41:58 | INFO     | hl_arb | 📊 Arb entry: SOL | spread=-8.5bps
  Perp BUY 5.06 @ 98.58
  Spot SELL 5.06 @ 98.648
2026-09-16T00:41:58 | ERROR    | hl_arb | POST error to https://api.hyperliquid.xyz/exchange: Cannot connect to host api.hyperliquid.xyz:443 ssl:default [getaddrinfo failed]
2026-09-16T00:41:58 | ERROR    | hl_arb | POST error to https://api.hyperliquid.xyz/exchange: Cannot connect to host api.hyperliquid.xyz:443 ssl:default [getaddrinfo failed]
2026-09-16T00:41:58 | ERROR    | hl_arb | Arb entry rejected for SOL; resetting without opening a position
2026-09-16T00:41:58 | INFO     | hl_arb | Arb signal: ETH spread=-4.4bps | perp BUY @ 2410.0 | spot SELL @ 2410.6
2026-09-16T00:41:58 | INFO     | hl_arb | 📊 Arb entry: ETH | spread=-4.4bps
  Perp BUY 0.2074 @ 2410.0
  Spot SELL 0.2074 @ 2410.6
2026-09-16T00:41:58 | ERROR    | hl_arb | POST error to https://api.hyperliquid.xyz/exchange: Cannot connect to host api.hyperliquid.xyz:443 ssl:default [getaddrinfo failed]
2026-09-16T00:41:58 | ERROR    | hl_arb | POST error to https://api.hyperliquid.xyz/exchange: Cannot connect to host api.hyperliquid.xyz:443 ssl:default [getaddrinfo failed]
2026-09-16T00:41:58 | ERROR    | hl_arb | Arb entry rejected for ETH; resetting without opening a position
2026-09-16T00:41:58 | INFO     | hl_arb | Arb signal: SOL spread=-8.5bps | perp BUY @ 98.58 | spot SELL @ 98.648
2026-09-16T00:41:58 | INFO     | hl_arb | 📊 Arb entry: SOL | spread=-8.5bps
  Perp BUY 5.06 @ 98.58
  Spot SELL 5.06 @ 98.648
2026-09-16T00:41:58 | ERROR    | hl_arb | POST error to https://api.hyperliquid.xyz/exchange: Cannot connect to host api.hyperliquid.xyz:443 ssl:default [getaddrinfo failed]
2026-09-16T00:41:58 | ERROR    | hl_arb | POST error to https://api.hyperliquid.xyz/exchange: Cannot connect to host api.hyperliquid.xyz:443 ssl:default [getaddrinfo failed]
2026-09-16T00:41:58 | ERROR    | hl_arb | Arb entry rejected for SOL; resetting without opening a position
2026-09-16T00:41:58 | INFO     | hl_arb | Arb signal: ETH spread=-4.4bps | perp BUY @ 2410.0 | spot SELL @ 2410.6
2026-09-16T00:41:58 | INFO     | hl_arb | 📊 Arb entry: ETH | spread=-4.4bps
  Perp BUY 0.2074 @ 2410.0
  Spot SELL 0.2074 @ 2410.6
2026-09-16T00:41:58 | ERROR    | hl_arb | POST error to https://api.hyperliquid.xyz/exchange: Cannot connect to host api.hyperliquid.xyz:443 ssl:default [getaddrinfo failed]
2026-09-16T00:41:58 | ERROR    | hl_arb | POST error to https://api.hyperliquid.xyz/exchange: Cannot connect to host api.hyperliquid.xyz:443 ssl:default [getaddrinfo failed]
2026-09-16T00:41:58 | ERROR    | hl_arb | Arb entry rejected for ETH; resetting without opening a position
2026-09-16T00:41:58 | INFO     | hl_arb | Arb signal: SOL spread=-8.5bps | perp BUY @ 98.58 | spot SELL @ 98.648
2026-09-16T00:41:58 | INFO     | hl_arb | 📊 Arb entry: SOL | spread=-8.5bps
  Perp BUY 5.06 @ 98.58
  Spot SELL 5.06 @ 98.648
2026-09-16T00:41:58 | ERROR    | hl_arb | POST error to https://api.hyperliquid.xyz/exchange: Cannot connect to host api.hyperliquid.xyz:443 ssl:default [getaddrinfo failed]
2026-09-16T00:41:58 | ERROR    | hl_arb | POST error to https://api.hyperliquid.xyz/exchange: Cannot connect to host api.hyperliquid.xyz:443 ssl:default [getaddrinfo failed]
2026-09-16T00:41:58 | ERROR    | hl_arb | Arb entry rejected for SOL; resetting without opening a position
2026-09-16T00:41:58 | INFO     | hl_arb | Arb signal: ETH spread=-4.4bps | perp BUY @ 2410.0 | spot SELL @ 2410.6
2026-09-16T00:41:58 | INFO     | hl_arb | 📊 Arb entry: ETH | spread=-4.4bps
  Perp BUY 0.2074 @ 2410.0
  Spot SELL 0.2074 @ 2410.6
2026-09-16T00:41:59 | ERROR    | hl_arb | POST error to https://api.hyperliquid.xyz/exchange: Cannot connect to host api.hyperliquid.xyz:443 ssl:default [getaddrinfo failed]
2026-09-16T00:41:59 | ERROR    | hl_arb | POST error to https://api.hyperliquid.xyz/exchange: Cannot connect to host api.hyperliquid.xyz:443 ssl:default [getaddrinfo failed]
2026-09-16T00:41:59 | ERROR    | hl_arb | Arb entry rejected for ETH; resetting without opening a position
2026-09-16T00:41:59 | INFO     | hl_arb | Arb signal: SOL spread=-8.5bps | perp BUY @ 98.58 | spot SELL @ 98.648
2026-09-16T00:41:59 | INFO     | hl_arb | 📊 Arb entry: SOL | spread=-8.5bps
  Perp BUY 5.06 @ 98.58
  Spot SELL 5.06 @ 98.648
2026-09-16T00:41:59 | ERROR    | hl_arb | POST error to https://api.hyperliquid.xyz/exchange: Cannot connect to host api.hyperliquid.xyz:443 ssl:default [getaddrinfo failed]
2026-09-16T00:41:59 | ERROR    | hl_arb | POST error to https://api.hyperliquid.xyz/exchange: Cannot connect to host api.hyperliquid.xyz:443 ssl:default [getaddrinfo failed]
2026-09-16T00:41:59 | ERROR    | hl_arb | Arb entry rejected for SOL; resetting without opening a position
2026-09-16T00:41:59 | INFO     | hl_arb | Arb signal: ETH spread=-4.4bps | perp BUY @ 2410.0 | spot SELL @ 2410.6
2026-09-16T00:41:59 | INFO     | hl_arb | 📊 Arb entry: ETH | spread=-4.4bps
  Perp BUY 0.2074 @ 2410.0
  Spot SELL 0.2074 @ 2410.6
2026-09-16T00:41:59 | ERROR    | hl_arb | POST error to https://api.hyperliquid.xyz/exchange: Cannot connect to host api.hyperliquid.xyz:443 ssl:default [getaddrinfo failed]
2026-09-16T00:41:59 | ERROR    | hl_arb | POST error to https://api.hyperliquid.xyz/exchange: Cannot connect to host api.hyperliquid.xyz:443 ssl:default [getaddrinfo failed]
2026-09-16T00:41:59 | ERROR    | hl_arb | Arb entry rejected for ETH; resetting without opening a position
2026-09-16T00:41:59 | INFO     | hl_arb | Arb signal: SOL spread=-8.5bps | perp BUY @ 98.58 | spot SELL @ 98.648
2026-09-16T00:41:59 | INFO     | hl_arb | 📊 Arb entry: SOL | spread=-8.5bps
  Perp BUY 5.06 @ 98.58
  Spot SELL 5.06 @ 98.648
2026-09-16T00:41:59 | ERROR    | hl_arb | POST error to https://api.hyperliquid.xyz/exchange: Cannot connect to host api.hyperliquid.xyz:443 ssl:default [getaddrinfo failed]
2026-09-16T00:41:59 | ERROR    | hl_arb | POST error to https://api.hyperliquid.xyz/exchange: Cannot connect to host api.hyperliquid.xyz:443 ssl:default [getaddrinfo failed]
2026-09-16T00:41:59 | ERROR    | hl_arb | Arb entry rejected for SOL; resetting without opening a position
2026-09-16T00:41:59 | INFO     | hl_arb | Arb signal: ETH spread=-4.4bps | perp BUY @ 2410.0 | spot SELL @ 2410.6
2026-09-16T00:41:59 | INFO     | hl_arb | 📊 Arb entry: ETH | spread=-4.4bps
  Perp BUY 0.2074 @ 2410.0
  Spot SELL 0.2074 @ 2410.6
2026-09-16T00:41:59 | ERROR    | hl_arb | POST error to https://api.hyperliquid.xyz/exchange: Cannot connect to host api.hyperliquid.xyz:443 ssl:default [getaddrinfo failed]
2026-09-16T00:41:59 | ERROR    | hl_arb | POST error to https://api.hyperliquid.xyz/exchange: Cannot connect to host api.hyperliquid.xyz:443 ssl:default [getaddrinfo failed]
2026-09-16T00:41:59 | ERROR    | hl_arb | Arb entry rejected for ETH; resetting without opening a position
2026-09-16T00:41:59 | INFO     | hl_arb | Arb signal: SOL spread=-8.5bps | perp BUY @ 98.58 | spot SELL @ 98.648
2026-09-16T00:41:59 | INFO     | hl_arb | 📊 Arb entry: SOL | spread=-8.5bps
  Perp BUY 5.06 @ 98.58
  Spot SELL 5.06 @ 98.648
2026-09-16T00:41:59 | ERROR    | hl_arb | POST error to https://api.hyperliquid.xyz/exchange: Cannot connect to host api.hyperliquid.xyz:443 ssl:default [getaddrinfo failed]
2026-09-16T00:41:59 | ERROR    | hl_arb | POST error to https://api.hyperliquid.xyz/exchange: Cannot connect to host api.hyperliquid.xyz:443 ssl:default [getaddrinfo failed]
2026-09-16T00:41:59 | ERROR    | hl_arb | Arb entry rejected for SOL; resetting without opening a position
2026-09-16T00:41:59 | INFO     | hl_arb | Arb signal: ETH spread=-4.4bps | perp BUY @ 2410.0 | spot SELL @ 2410.6
2026-09-16T00:41:59 | INFO     | hl_arb | 📊 Arb entry: ETH | spread=-4.4bps
  Perp BUY 0.2074 @ 2410.0
  Spot SELL 0.2074 @ 2410.6
2026-09-16T00:41:59 | ERROR    | hl_arb | POST error to https://api.hyperliquid.xyz/exchange: Cannot connect to host api.hyperliquid.xyz:443 ssl:default [getaddrinfo failed]
2026-09-16T00:41:59 | ERROR    | hl_arb | POST error to https://api.hyperliquid.xyz/exchange: Cannot connect to host api.hyperliquid.xyz:443 ssl:default [getaddrinfo failed]
2026-09-16T00:41:59 | ERROR    | hl_arb | Arb entry rejected for ETH; resetting without opening a position
2026-09-16T00:41:59 | INFO     | hl_arb | Arb signal: SOL spread=-8.5bps | perp BUY @ 98.58 | spot SELL @ 98.648
2026-09-16T00:41:59 | INFO     | hl_arb | 📊 Arb entry: SOL | spread=-8.5bps
  Perp BUY 5.06 @ 98.58
  Spot SELL 5.06 @ 98.648
2026-09-16T00:41:59 | ERROR    | hl_arb | POST error to https://api.hyperliquid.xyz/exchange: Cannot connect to host api.hyperliquid.xyz:443 ssl:default [getaddrinfo failed]
2026-09-16T00:41:59 | ERROR    | hl_arb | POST error to https://api.hyperliquid.xyz/exchange: Cannot connect to host api.hyperliquid.xyz:443 ssl:default [getaddrinfo failed]
2026-09-16T00:41:59 | ERROR    | hl_arb | Arb entry rejected for SOL; resetting without opening a position
2026-09-16T00:41:59 | INFO     | hl_arb | Arb signal: ETH spread=-4.4bps | perp BUY @ 2410.0 | spot SELL @ 2410.6
2026-09-16T00:41:59 | INFO     | hl_arb | 📊 Arb entry: ETH | spread=-4.4bps
  Perp BUY 0.2074 @ 2410.0
  Spot SELL 0.2074 @ 2410.6
2026-09-16T00:41:59 | ERROR    | hl_arb | POST error to https://api.hyperliquid.xyz/exchange: Cannot connect to host api.hyperliquid.xyz:443 ssl:default [getaddrinfo failed]
2026-09-16T00:41:59 | ERROR    | hl_arb | POST error to https://api.hyperliquid.xyz/exchange: Cannot connect to host api.hyperliquid.xyz:443 ssl:default [getaddrinfo failed]
2026-09-16T00:41:59 | ERROR    | hl_arb | Arb entry rejected for ETH; resetting without opening a position
2026-09-16T00:41:59 | INFO     | hl_arb | Arb signal: SOL spread=-8.5bps | perp BUY @ 98.58 | spot SELL @ 98.648
2026-09-16T00:41:59 | INFO     | hl_arb | 📊 Arb entry: SOL | spread=-8.5bps
  Perp BUY 5.06 @ 98.58
  Spot SELL 5.06 @ 98.648
2026-09-16T00:41:59 | ERROR    | hl_arb | POST error to https://api.hyperliquid.xyz/exchange: Cannot connect to host api.hyperliquid.xyz:443 ssl:default [getaddrinfo failed]
2026-09-16T00:41:59 | ERROR    | hl_arb | POST error to https://api.hyperliquid.xyz/exchange: Cannot connect to host api.hyperliquid.xyz:443 ssl:default [getaddrinfo failed]
2026-09-16T00:41:59 | ERROR    | hl_arb | Arb entry rejected for SOL; resetting without opening a position
2026-09-16T00:41:59 | INFO     | hl_arb | Arb signal: ETH spread=-4.4bps | perp BUY @ 2410.0 | spot SELL @ 2410.6
2026-09-16T00:41:59 | INFO     | hl_arb | 📊 Arb entry: ETH | spread=-4.4bps
  Perp BUY 0.2074 @ 2410.0
  Spot SELL 0.2074 @ 2410.6
2026-09-16T00:41:59 | ERROR    | hl_arb | POST error to https://api.hyperliquid.xyz/exchange: Cannot connect to host api.hyperliquid.xyz:443 ssl:default [getaddrinfo failed]
2026-09-16T00:41:59 | ERROR    | hl_arb | POST error to https://api.hyperliquid.xyz/exchange: Cannot connect to host api.hyperliquid.xyz:443 ssl:default [getaddrinfo failed]
2026-09-16T00:41:59 | ERROR    | hl_arb | Arb entry rejected for ETH; resetting without opening a position
2026-09-16T00:41:59 | INFO     | hl_arb | Arb signal: SOL spread=-8.5bps | perp BUY @ 98.58 | spot SELL @ 98.648
2026-09-16T00:41:59 | INFO     | hl_arb | 📊 Arb entry: SOL | spread=-8.5bps
  Perp BUY 5.06 @ 98.58
  Spot SELL 5.06 @ 98.648
2026-09-16T00:41:59 | ERROR    | hl_arb | POST error to https://api.hyperliquid.xyz/exchange: Cannot connect to host api.hyperliquid.xyz:443 ssl:default [getaddrinfo failed]
2026-09-16T00:41:59 | ERROR    | hl_arb | POST error to https://api.hyperliquid.xyz/exchange: Cannot connect to host api.hyperliquid.xyz:443 ssl:default [getaddrinfo failed]
2026-09-16T00:41:59 | ERROR    | hl_arb | Arb entry rejected for SOL; resetting without opening a position
2026-09-16T00:41:59 | INFO     | hl_arb | Arb signal: ETH spread=-4.4bps | perp BUY @ 2410.0 | spot SELL @ 2410.6
2026-09-16T00:41:59 | INFO     | hl_arb | 📊 Arb entry: ETH | spread=-4.4bps
  Perp BUY 0.2074 @ 2410.0
  Spot SELL 0.2074 @ 2410.6
2026-09-16T00:41:59 | ERROR    | hl_arb | POST error to https://api.hyperliquid.xyz/exchange: Cannot connect to host api.hyperliquid.xyz:443 ssl:default [getaddrinfo failed]
2026-09-16T00:41:59 | ERROR    | hl_arb | POST error to https://api.hyperliquid.xyz/exchange: Cannot connect to host api.hyperliquid.xyz:443 ssl:default [getaddrinfo failed]
2026-09-16T00:41:59 | ERROR    | hl_arb | Arb entry rejected for ETH; resetting without opening a position
2026-09-16T00:41:59 | INFO     | hl_arb | Arb signal: SOL spread=-8.5bps | perp BUY @ 98.58 | spot SELL @ 98.648
2026-09-16T00:41:59 | INFO     | hl_arb | 📊 Arb entry: SOL | spread=-8.5bps
  Perp BUY 5.06 @ 98.58
  Spot SELL 5.06 @ 98.648
2026-09-16T00:41:59 | ERROR    | hl_arb | POST error to https://api.hyperliquid.xyz/exchange: Cannot connect to host api.hyperliquid.xyz:443 ssl:default [getaddrinfo failed]
2026-09-16T00:41:59 | ERROR    | hl_arb | POST error to https://api.hyperliquid.xyz/exchange: Cannot connect to host api.hyperliquid.xyz:443 ssl:default [getaddrinfo failed]
2026-09-16T00:41:59 | ERROR    | hl_arb | Arb entry rejected for SOL; resetting without opening a position
2026-09-16T00:41:59 | INFO     | hl_arb | Arb signal: ETH spread=-4.4bps | perp BUY @ 2410.0 | spot SELL @ 2410.6
2026-09-16T00:41:59 | INFO     | hl_arb | 📊 Arb entry: ETH | spread=-4.4bps
  Perp BUY 0.2074 @ 2410.0
  Spot SELL 0.2074 @ 2410.6
2026-09-16T00:42:00 | ERROR    | hl_arb | POST error to https://api.hyperliquid.xyz/exchange: Cannot connect to host api.hyperliquid.xyz:443 ssl:default [getaddrinfo failed]
2026-09-16T00:42:00 | ERROR    | hl_arb | POST error to https://api.hyperliquid.xyz/exchange: Cannot connect to host api.hyperliquid.xyz:443 ssl:default [getaddrinfo failed]
2026-09-16T00:42:00 | ERROR    | hl_arb | Arb entry rejected for ETH; resetting without opening a position
2026-09-16T00:42:00 | INFO     | hl_arb | Arb signal: SOL spread=-8.5bps | perp BUY @ 98.58 | spot SELL @ 98.648
2026-09-16T00:42:00 | INFO     | hl_arb | 📊 Arb entry: SOL | spread=-8.5bps
  Perp BUY 5.06 @ 98.58
  Spot SELL 5.06 @ 98.648
2026-09-16T00:42:00 | ERROR    | hl_arb | POST error to https://api.hyperliquid.xyz/exchange: Cannot connect to host api.hyperliquid.xyz:443 ssl:default [getaddrinfo failed]
2026-09-16T00:42:00 | ERROR    | hl_arb | POST error to https://api.hyperliquid.xyz/exchange: Cannot connect to host api.hyperliquid.xyz:443 ssl:default [getaddrinfo failed]
2026-09-16T00:42:00 | ERROR    | hl_arb | Arb entry rejected for SOL; resetting without opening a position
2026-09-16T00:42:00 | INFO     | hl_arb | Connecting to WebSocket: wss://api.hyperliquid.xyz/ws
2026-09-16T00:42:00 | INFO     | hl_arb | WebSocket connected
2026-09-16T00:42:00 | INFO     | hl_arb | Arb signal: SOL spread=-9.5bps | perp BUY @ 98.531 | spot SELL @ 98.612
2026-09-16T00:42:00 | INFO     | hl_arb | 📊 Arb entry: SOL | spread=-9.5bps
  Perp BUY 5.07 @ 98.531
  Spot SELL 5.07 @ 98.612
2026-09-16T00:42:01 | INFO     | hl_arb | Order filled immediately: SOL_BUY_1789483320809 @ avg 98.528
2026-09-16T00:42:01 | INFO     | hl_arb | 🎯 Order filled: BUY 5.07 SOL @ 98.528
2026-09-16T00:42:01 | ERROR    | hl_arb | Order error: Insufficient spot balance asset=10156
2026-09-16T00:42:01 | ERROR    | hl_arb | Arb entry rejected for SOL; resetting without opening a position
2026-09-16T00:42:01 | INFO     | hl_arb | Arb signal: SOL spread=-9.5bps | perp BUY @ 98.531 | spot SELL @ 98.612
2026-09-16T00:42:01 | INFO     | hl_arb | 📊 Arb entry: SOL | spread=-9.5bps
  Perp BUY 5.07 @ 98.531
  Spot SELL 5.07 @ 98.612
2026-09-16T00:42:02 | WARNING  | hl_arb | WebSocket closed: no close frame received or sent. Reconnecting in 1s…
2026-09-16T00:42:02 | ERROR    | hl_arb | POST error to https://api.hyperliquid.xyz/exchange: [WinError 1236] The network connection was aborted by the local system
2026-09-16T00:42:02 | ERROR    | hl_arb | POST error to https://api.hyperliquid.xyz/exchange: [WinError 1236] The network connection was aborted by the local system
2026-09-16T00:42:03 | ERROR    | hl_arb | Arb entry rejected for SOL; resetting without opening a position
2026-09-16T00:42:03 | INFO     | hl_arb | Arb signal: SOL spread=-9.5bps | perp BUY @ 98.531 | spot SELL @ 98.612
2026-09-16T00:42:03 | INFO     | hl_arb | 📊 Arb entry: SOL | spread=-9.5bps
  Perp BUY 5.07 @ 98.531
  Spot SELL 5.07 @ 98.612
2026-09-16T00:42:03 | ERROR    | hl_arb | POST error to https://api.hyperliquid.xyz/exchange: Cannot connect to host api.hyperliquid.xyz:443 ssl:default [Access is denied]
2026-09-16T00:42:03 | ERROR    | hl_arb | POST error to https://api.hyperliquid.xyz/exchange: Cannot connect to host api.hyperliquid.xyz:443 ssl:default [Access is denied]
2026-09-16T00:42:03 | ERROR    | hl_arb | Arb entry rejected for SOL; resetting without opening a position
2026-09-16T00:42:03 | INFO     | hl_arb | Arb signal: SOL spread=-9.5bps | perp BUY @ 98.531 | spot SELL @ 98.612
2026-09-16T00:42:03 | INFO     | hl_arb | 📊 Arb entry: SOL | spread=-9.5bps
  Perp BUY 5.07 @ 98.531
  Spot SELL 5.07 @ 98.612
2026-09-16T00:42:03 | ERROR    | hl_arb | POST error to https://api.hyperliquid.xyz/exchange: Cannot connect to host api.hyperliquid.xyz:443 ssl:default [Access is denied]
2026-09-16T00:42:03 | ERROR    | hl_arb | POST error to https://api.hyperliquid.xyz/exchange: Cannot connect to host api.hyperliquid.xyz:443 ssl:default [Access is denied]
2026-09-16T00:42:03 | ERROR    | hl_arb | Arb entry rejected for SOL; resetting without opening a position
2026-09-16T00:42:03 | INFO     | hl_arb | Arb signal: SOL spread=-9.5bps | perp BUY @ 98.531 | spot SELL @ 98.612
2026-09-16T00:42:03 | INFO     | hl_arb | 📊 Arb entry: SOL | spread=-9.5bps
  Perp BUY 5.07 @ 98.531
  Spot SELL 5.07 @ 98.612
2026-09-16T00:42:03 | INFO     | hl_arb | Connecting to WebSocket: wss://api.hyperliquid.xyz/ws
2026-09-16T00:42:04 | INFO     | hl_arb | WebSocket connected
2026-09-16T00:42:04 | INFO     | hl_arb | Order placed: SOL_BUY_1789483323546 | BUY 5.07 SOL @ 98.531 | oid=545766658577
2026-09-16T00:42:04 | INFO     | hl_arb | ✅ Order open: BUY 5.07 SOL @ 98.531
2026-09-16T00:42:04 | ERROR    | hl_arb | Order error: Insufficient spot balance asset=10156
2026-09-16T00:42:04 | ERROR    | hl_arb | Arb entry rejected for SOL; resetting without opening a position
2026-09-16T00:42:05 | ERROR    | hl_arb | POST error to https://api.hyperliquid.xyz/exchange: [WinError 1236] The network connection was aborted by the local system
2026-09-16T00:42:05 | WARNING  | hl_arb | Cancel failed for SOL_BUY_1789483323546: None
2026-09-16T00:42:05 | WARNING  | hl_arb | WebSocket closed: no close frame received or sent. Reconnecting in 1s…
2026-09-16T00:42:05 | INFO     | hl_arb | Arb signal: SOL spread=-6.8bps | perp BUY @ 98.586 | spot SELL @ 98.635
2026-09-16T00:42:05 | INFO     | hl_arb | 📊 Arb entry: SOL | spread=-6.8bps
  Perp BUY 5.06 @ 98.586
  Spot SELL 5.06 @ 98.635
2026-09-16T00:42:06 | INFO     | hl_arb | Connecting to WebSocket: wss://api.hyperliquid.xyz/ws
2026-09-16T00:42:06 | ERROR    | hl_arb | Order error: Insufficient spot balance asset=10156
2026-09-16T00:42:06 | INFO     | hl_arb | Order placed: SOL_BUY_1789483325607 | BUY 5.06 SOL @ 98.586 | oid=545766732870
2026-09-16T00:42:06 | INFO     | hl_arb | ✅ Order open: BUY 5.06 SOL @ 98.586
2026-09-16T00:42:06 | ERROR    | hl_arb | Arb entry rejected for SOL; resetting without opening a position
2026-09-16T00:42:06 | INFO     | hl_arb | WebSocket connected
2026-09-16T00:42:07 | INFO     | hl_arb | Cancelled order SOL_BUY_1789483325607 (oid=545766732870)
2026-09-16T00:42:07 | INFO     | hl_arb | Arb signal: SOL spread=-14.0bps | perp BUY @ 98.62 | spot SELL @ 98.658
2026-09-16T00:42:07 | INFO     | hl_arb | 📊 Arb entry: SOL | spread=-14.0bps
  Perp BUY 5.06 @ 98.62
  Spot SELL 5.06 @ 98.658
2026-09-16T00:42:08 | INFO     | hl_arb | Order filled immediately: SOL_BUY_1789483327552 @ avg 98.543
2026-09-16T00:42:08 | INFO     | hl_arb | 🎯 Order filled: BUY 5.06 SOL @ 98.543
2026-09-16T00:42:08 | ERROR    | hl_arb | Order error: Insufficient spot balance asset=10156
2026-09-16T00:42:08 | ERROR    | hl_arb | Arb entry rejected for SOL; resetting without opening a position
2026-09-16T00:42:08 | INFO     | hl_arb | Arb signal: SOL spread=-14.0bps | perp BUY @ 98.62 | spot SELL @ 98.658
2026-09-16T00:42:08 | INFO     | hl_arb | 📊 Arb entry: SOL | spread=-14.0bps
  Perp BUY 5.06 @ 98.62
  Spot SELL 5.06 @ 98.658
2026-09-16T00:42:09 | INFO     | hl_arb | Order filled immediately: SOL_BUY_1789483328502 @ avg 98.529
2026-09-16T00:42:09 | INFO     | hl_arb | 🎯 Order filled: BUY 5.06 SOL @ 98.529
2026-09-16T00:42:09 | ERROR    | hl_arb | Order error: Insufficient spot balance asset=10156
2026-09-16T00:42:09 | ERROR    | hl_arb | Arb entry rejected for SOL; resetting without opening a position
2026-09-16T00:42:09 | INFO     | hl_arb | Arb signal: SOL spread=-14.0bps | perp BUY @ 98.62 | spot SELL @ 98.658
2026-09-16T00:42:09 | INFO     | hl_arb | 📊 Arb entry: SOL | spread=-14.0bps
  Perp BUY 5.06 @ 98.62
  Spot SELL 5.06 @ 98.658
2026-09-16T00:42:10 | INFO     | hl_arb | Order filled immediately: SOL_BUY_1789483329542 @ avg 98.522
2026-09-16T00:42:10 | INFO     | hl_arb | 🎯 Order filled: BUY 5.06 SOL @ 98.522
2026-09-16T00:42:10 | ERROR    | hl_arb | Order error: Insufficient spot balance asset=10156
2026-09-16T00:42:10 | ERROR    | hl_arb | Arb entry rejected for SOL; resetting without opening a position
2026-09-16T00:42:10 | INFO     | hl_arb | Arb signal: SOL spread=-14.0bps | perp BUY @ 98.62 | spot SELL @ 98.658
2026-09-16T00:42:10 | INFO     | hl_arb | 📊 Arb entry: SOL | spread=-14.0bps
  Perp BUY 5.06 @ 98.62
  Spot SELL 5.06 @ 98.658
2026-09-16T00:42:11 | INFO     | hl_arb | Order filled immediately: SOL_BUY_1789483330446 @ avg 98.511
2026-09-16T00:42:11 | INFO     | hl_arb | 🎯 Order filled: BUY 5.06 SOL @ 98.511
2026-09-16T00:42:11 | ERROR    | hl_arb | Order error: Insufficient spot balance asset=10156
2026-09-16T00:42:11 | ERROR    | hl_arb | Arb entry rejected for SOL; resetting without opening a position
2026-09-16T00:42:11 | INFO     | hl_arb | Arb signal: SOL spread=-6.4bps | perp BUY @ 98.522 | spot SELL @ 98.577
2026-09-16T00:42:11 | INFO     | hl_arb | 📊 Arb entry: SOL | spread=-6.4bps
  Perp BUY 5.07 @ 98.522
  Spot SELL 5.07 @ 98.577
2026-09-16T00:42:12 | INFO     | hl_arb | Order filled immediately: SOL_BUY_1789483331500 @ avg 98.45
2026-09-16T00:42:12 | INFO     | hl_arb | 🎯 Order filled: BUY 5.07 SOL @ 98.45
2026-09-16T00:42:12 | ERROR    | hl_arb | Order error: Insufficient spot balance asset=10156
2026-09-16T00:42:12 | ERROR    | hl_arb | Arb entry rejected for SOL; resetting without opening a position
2026-09-16T00:42:12 | INFO     | hl_arb | Arb signal: SOL spread=-6.4bps | perp BUY @ 98.522 | spot SELL @ 98.577
2026-09-16T00:42:12 | INFO     | hl_arb | 📊 Arb entry: SOL | spread=-6.4bps
  Perp BUY 5.07 @ 98.522
  Spot SELL 5.07 @ 98.577
2026-09-16T00:42:13 | ERROR    | hl_arb | Order error: Insufficient spot balance asset=10156
2026-09-16T00:42:13 | INFO     | hl_arb | Order filled immediately: SOL_BUY_1789483332606 @ avg 98.427
2026-09-16T00:42:13 | INFO     | hl_arb | 🎯 Order filled: BUY 5.07 SOL @ 98.427
2026-09-16T00:42:13 | ERROR    | hl_arb | Arb entry rejected for SOL; resetting without opening a position
2026-09-16T00:42:13 | INFO     | hl_arb | Arb signal: SOL spread=-6.4bps | perp BUY @ 98.522 | spot SELL @ 98.577
2026-09-16T00:42:13 | INFO     | hl_arb | 📊 Arb entry: SOL | spread=-6.4bps
  Perp BUY 5.07 @ 98.522
  Spot SELL 5.07 @ 98.577
2026-09-16T00:42:14 | INFO     | hl_arb | Order filled immediately: SOL_BUY_1789483333557 @ avg 98.426
2026-09-16T00:42:14 | INFO     | hl_arb | 🎯 Order filled: BUY 5.07 SOL @ 98.426
2026-09-16T00:42:14 | ERROR    | hl_arb | Order error: Insufficient spot balance asset=10156
2026-09-16T00:42:14 | ERROR    | hl_arb | Arb entry rejected for SOL; resetting without opening a position
2026-09-16T00:42:14 | INFO     | hl_arb | Arb signal: SOL spread=-6.4bps | perp BUY @ 98.522 | spot SELL @ 98.577
2026-09-16T00:42:14 | INFO     | hl_arb | 📊 Arb entry: SOL | spread=-6.4bps
  Perp BUY 5.07 @ 98.522
  Spot SELL 5.07 @ 98.577
2026-09-16T00:42:15 | ERROR    | hl_arb | Order error: Insufficient spot balance asset=10156
2026-09-16T00:42:15 | INFO     | hl_arb | Order filled immediately: SOL_BUY_1789483334586 @ avg 98.426
2026-09-16T00:42:15 | INFO     | hl_arb | 🎯 Order filled: BUY 5.07 SOL @ 98.426
2026-09-16T00:42:15 | ERROR    | hl_arb | Arb entry rejected for SOL; resetting without opening a position
2026-09-16T00:42:15 | INFO     | hl_arb | Arb signal: SOL spread=-6.4bps | perp BUY @ 98.522 | spot SELL @ 98.577
2026-09-16T00:42:15 | INFO     | hl_arb | 📊 Arb entry: SOL | spread=-6.4bps
  Perp BUY 5.07 @ 98.522
  Spot SELL 5.07 @ 98.577
2026-09-16T00:42:16 | ERROR    | hl_arb | Order error: Insufficient spot balance asset=10156
2026-09-16T00:42:16 | INFO     | hl_arb | Order filled immediately: SOL_BUY_1789483335645 @ avg 98.4481
2026-09-16T00:42:16 | INFO     | hl_arb | 🎯 Order filled: BUY 5.07 SOL @ 98.4481
2026-09-16T00:42:16 | ERROR    | hl_arb | Arb entry rejected for SOL; resetting without opening a position
2026-09-16T00:42:16 | INFO     | hl_arb | Arb signal: SOL spread=-9.3bps | perp BUY @ 98.432 | spot SELL @ 98.508
2026-09-16T00:42:16 | INFO     | hl_arb | 📊 Arb entry: SOL | spread=-9.3bps
  Perp BUY 5.07 @ 98.432
  Spot SELL 5.07 @ 98.508
2026-09-16T00:42:17 | INFO     | hl_arb | Order placed: SOL_BUY_1789483336736 | BUY 5.07 SOL @ 98.432 | oid=545767028755
2026-09-16T00:42:17 | INFO     | hl_arb | ✅ Order open: BUY 5.07 SOL @ 98.432
2026-09-16T00:42:17 | ERROR    | hl_arb | Order error: Insufficient spot balance asset=10156
2026-09-16T00:42:17 | ERROR    | hl_arb | Arb entry rejected for SOL; resetting without opening a position
2026-09-16T00:42:18 | INFO     | hl_arb | Cancelled order SOL_BUY_1789483336736 (oid=545767028755)
2026-09-16T00:42:18 | INFO     | hl_arb | Arb signal: SOL spread=-9.3bps | perp BUY @ 98.432 | spot SELL @ 98.508
2026-09-16T00:42:18 | INFO     | hl_arb | 📊 Arb entry: SOL | spread=-9.3bps
  Perp BUY 5.07 @ 98.432
  Spot SELL 5.07 @ 98.508
2026-09-16T00:42:19 | ERROR    | hl_arb | Order error: Insufficient spot balance asset=10156
2026-09-16T00:42:19 | INFO     | hl_arb | Order placed: SOL_BUY_1789483338670 | BUY 5.07 SOL @ 98.432 | oid=545767098394
2026-09-16T00:42:19 | INFO     | hl_arb | ✅ Order open: BUY 5.07 SOL @ 98.432
2026-09-16T00:42:19 | ERROR    | hl_arb | Arb entry rejected for SOL; resetting without opening a position
2026-09-16T00:42:20 | INFO     | hl_arb | Cancelled order SOL_BUY_1789483338670 (oid=545767098394)
2026-09-16T00:42:20 | INFO     | hl_arb | Arb signal: SOL spread=-9.3bps | perp BUY @ 98.432 | spot SELL @ 98.508
2026-09-16T00:42:20 | INFO     | hl_arb | 📊 Arb entry: SOL | spread=-9.3bps
  Perp BUY 5.07 @ 98.432
  Spot SELL 5.07 @ 98.508
2026-09-16T00:42:21 | INFO     | hl_arb | Order placed: SOL_BUY_1789483340590 | BUY 5.07 SOL @ 98.432 | oid=545767134300
2026-09-16T00:42:21 | INFO     | hl_arb | ✅ Order open: BUY 5.07 SOL @ 98.432
2026-09-16T00:42:21 | ERROR    | hl_arb | Order error: Insufficient spot balance asset=10156
2026-09-16T00:42:21 | ERROR    | hl_arb | Arb entry rejected for SOL; resetting without opening a position
2026-09-16T00:42:22 | INFO     | hl_arb | Cancelled order SOL_BUY_1789483340590 (oid=545767134300)
2026-09-16T00:42:22 | INFO     | hl_arb | Arb signal: SOL spread=-7.0bps | perp BUY @ 98.652 | spot SELL @ 98.699
2026-09-16T00:42:22 | INFO     | hl_arb | 📊 Arb entry: SOL | spread=-7.0bps
  Perp BUY 5.06 @ 98.652
  Spot SELL 5.06 @ 98.699
2026-09-16T00:42:23 | INFO     | hl_arb | Order placed: SOL_BUY_1789483342479 | BUY 5.06 SOL @ 98.652 | oid=545767176543
2026-09-16T00:42:23 | INFO     | hl_arb | ✅ Order open: BUY 5.06 SOL @ 98.652
2026-09-16T00:42:23 | ERROR    | hl_arb | Order error: Insufficient spot balance asset=10156
2026-09-16T00:42:23 | ERROR    | hl_arb | Arb entry rejected for SOL; resetting without opening a position
2026-09-16T00:42:24 | INFO     | hl_arb | Cancelled order SOL_BUY_1789483342479 (oid=545767176543)
2026-09-16T00:42:24 | INFO     | hl_arb | Arb signal: SOL spread=-7.0bps | perp BUY @ 98.652 | spot SELL @ 98.699
2026-09-16T00:42:24 | INFO     | hl_arb | 📊 Arb entry: SOL | spread=-7.0bps
  Perp BUY 5.06 @ 98.652
  Spot SELL 5.06 @ 98.699
2026-09-16T00:42:25 | ERROR    | hl_arb | Order error: Insufficient spot balance asset=10156
2026-09-16T00:42:25 | INFO     | hl_arb | Order placed: SOL_BUY_1789483344610 | BUY 5.06 SOL @ 98.652 | oid=545767229258
2026-09-16T00:42:25 | INFO     | hl_arb | ✅ Order open: BUY 5.06 SOL @ 98.652
2026-09-16T00:42:25 | ERROR    | hl_arb | Arb entry rejected for SOL; resetting without opening a position
2026-09-16T00:42:26 | INFO     | hl_arb | Cancelled order SOL_BUY_1789483344610 (oid=545767229258)
2026-09-16T00:42:26 | INFO     | hl_arb | Arb signal: SOL spread=-7.0bps | perp BUY @ 98.652 | spot SELL @ 98.699
2026-09-16T00:42:26 | INFO     | hl_arb | 📊 Arb entry: SOL | spread=-7.0bps
  Perp BUY 5.06 @ 98.652
  Spot SELL 5.06 @ 98.699
2026-09-16T00:42:27 | INFO     | hl_arb | Order placed: SOL_BUY_1789483346476 | BUY 5.06 SOL @ 98.652 | oid=545767270437
2026-09-16T00:42:27 | INFO     | hl_arb | ✅ Order open: BUY 5.06 SOL @ 98.652
2026-09-16T00:42:27 | ERROR    | hl_arb | Order error: Insufficient spot balance asset=10156
2026-09-16T00:42:27 | ERROR    | hl_arb | Arb entry rejected for SOL; resetting without opening a position
2026-09-16T00:42:28 | INFO     | hl_arb | Cancelled order SOL_BUY_1789483346476 (oid=545767270437)
2026-09-16T00:42:28 | INFO     | hl_arb | Arb signal: SOL spread=-7.0bps | perp BUY @ 98.681 | spot SELL @ 98.745
2026-09-16T00:42:28 | INFO     | hl_arb | 📊 Arb entry: SOL | spread=-7.0bps
  Perp BUY 5.06 @ 98.681
  Spot SELL 5.06 @ 98.745
2026-09-16T00:42:29 | INFO     | hl_arb | Order placed: SOL_BUY_1789483348403 | BUY 5.06 SOL @ 98.681 | oid=545767309013
2026-09-16T00:42:29 | INFO     | hl_arb | ✅ Order open: BUY 5.06 SOL @ 98.681
2026-09-16T00:42:29 | ERROR    | hl_arb | Order error: Insufficient spot balance asset=10156
2026-09-16T00:42:29 | ERROR    | hl_arb | Arb entry rejected for SOL; resetting without opening a position
2026-09-16T00:42:30 | INFO     | hl_arb | Cancelled order SOL_BUY_1789483348403 (oid=545767309013)
2026-09-16T00:42:30 | INFO     | hl_arb | Arb signal: SOL spread=-7.0bps | perp BUY @ 98.681 | spot SELL @ 98.745
2026-09-16T00:42:30 | INFO     | hl_arb | 📊 Arb entry: SOL | spread=-7.0bps
  Perp BUY 5.06 @ 98.681
  Spot SELL 5.06 @ 98.745
2026-09-16T00:42:31 | INFO     | hl_arb | Received SIGINT — shutting down…
2026-09-16T00:42:31 | INFO     | hl_arb | Stopping strategy and feed…
2026-09-16T00:42:31 | INFO     | hl_arb | PerpSpotArbStrategy stopping
2026-09-16T00:42:31 | INFO     | hl_arb | 🛑 Hyperliquid Arb Bot stopped
2026-09-16T00:42:31 | INFO     | hl_arb | Shutdown complete
2026-09-16T00:43:40 | INFO     | hl_arb | ============================================================
2026-09-16T00:43:40 | INFO     | hl_arb |   Hyperliquid Arb Bot starting
2026-09-16T00:43:40 | INFO     | hl_arb |   Wallet  : 0x69fA2304DD7EF1DAb42F15A5f0f0C8720d0C3Fc6
2026-09-16T00:43:40 | INFO     | hl_arb |   API URL : https://api.hyperliquid.xyz
2026-09-16T00:43:40 | INFO     | hl_arb |   Pairs   : [('ETH', 'ETH'), ('BTC', 'BTC'), ('SOL', 'SOL')]
2026-09-16T00:43:40 | INFO     | hl_arb | ============================================================
2026-09-16T00:43:40 | INFO     | hl_arb | 🤖 Hyperliquid Arb Bot started
2026-09-16T00:43:40 | INFO     | hl_arb | Loaded 234 asset indices
2026-09-16T00:43:40 | INFO     | hl_arb | OrderManager ready
2026-09-16T00:43:40 | INFO     | hl_arb | Connecting to WebSocket: wss://api.hyperliquid.xyz/ws
2026-09-16T00:43:40 | INFO     | hl_arb | PerpSpotArbStrategy starting
2026-09-16T00:43:40 | INFO     | hl_arb | WebSocket connected
2026-09-16T00:51:40 | INFO     | hl_arb | Arb signal: ETH spread=-8.1bps | perp BUY @ 2393.7 | spot SELL @ 2395.4
2026-09-16T00:51:40 | INFO     | hl_arb | 📊 Arb entry: ETH | spread=-8.1bps
  Perp BUY 0.2087 @ 2393.7
  Spot SELL 0.2087 @ 2395.4
2026-09-16T00:51:41 | INFO     | hl_arb | Order filled immediately: ETH_BUY_1789483900938 @ avg 2392.1
2026-09-16T00:51:41 | INFO     | hl_arb | 🎯 Order filled: BUY 0.2087 ETH @ 2392.1
2026-09-16T00:51:42 | ERROR    | hl_arb | Order error: Insufficient spot balance asset=10151
2026-09-16T00:51:42 | ERROR    | hl_arb | Arb entry rejected for ETH; resetting without opening a position
2026-09-16T00:51:42 | INFO     | hl_arb | Arb signal: ETH spread=-8.1bps | perp BUY @ 2393.7 | spot SELL @ 2395.4
2026-09-16T00:51:42 | INFO     | hl_arb | 📊 Arb entry: ETH | spread=-8.1bps
  Perp BUY 0.2087 @ 2393.7
  Spot SELL 0.2087 @ 2395.4
2026-09-16T00:51:42 | INFO     | hl_arb | Order filled immediately: ETH_BUY_1789483902121 @ avg 2391.9
2026-09-16T00:51:42 | INFO     | hl_arb | 🎯 Order filled: BUY 0.2087 ETH @ 2391.9
2026-09-16T00:51:43 | ERROR    | hl_arb | Order error: Insufficient spot balance asset=10151
2026-09-16T00:51:43 | ERROR    | hl_arb | Arb entry rejected for ETH; resetting without opening a position
2026-09-16T00:51:43 | INFO     | hl_arb | Arb signal: ETH spread=-8.1bps | perp BUY @ 2393.7 | spot SELL @ 2395.4
2026-09-16T00:51:43 | INFO     | hl_arb | 📊 Arb entry: ETH | spread=-8.1bps
  Perp BUY 0.2087 @ 2393.7
  Spot SELL 0.2087 @ 2395.4
2026-09-16T00:51:44 | ERROR    | hl_arb | Order error: Insufficient spot balance asset=10151
2026-09-16T00:51:44 | INFO     | hl_arb | Order filled immediately: ETH_BUY_1789483903417 @ avg 2391.2
2026-09-16T00:51:44 | INFO     | hl_arb | 🎯 Order filled: BUY 0.2087 ETH @ 2391.2
2026-09-16T00:51:44 | ERROR    | hl_arb | Arb entry rejected for ETH; resetting without opening a position
2026-09-16T00:51:44 | INFO     | hl_arb | Arb signal: ETH spread=-8.1bps | perp BUY @ 2393.7 | spot SELL @ 2395.4
2026-09-16T00:51:44 | INFO     | hl_arb | 📊 Arb entry: ETH | spread=-8.1bps
  Perp BUY 0.2087 @ 2393.7
  Spot SELL 0.2087 @ 2395.4
2026-09-16T00:51:45 | INFO     | hl_arb | Order filled immediately: ETH_BUY_1789483904478 @ avg 2391.7
2026-09-16T00:51:45 | INFO     | hl_arb | 🎯 Order filled: BUY 0.2087 ETH @ 2391.7
2026-09-16T00:51:45 | ERROR    | hl_arb | Order error: Insufficient spot balance asset=10151
2026-09-16T00:51:45 | ERROR    | hl_arb | Arb entry rejected for ETH; resetting without opening a position
2026-09-16T00:51:45 | INFO     | hl_arb | Arb signal: ETH spread=-8.1bps | perp BUY @ 2393.7 | spot SELL @ 2395.4
2026-09-16T00:51:45 | INFO     | hl_arb | 📊 Arb entry: ETH | spread=-8.1bps
  Perp BUY 0.2087 @ 2393.7
  Spot SELL 0.2087 @ 2395.4
2026-09-16T00:51:46 | ERROR    | hl_arb | Order error: Insufficient spot balance asset=10151
2026-09-16T00:51:46 | INFO     | hl_arb | Order filled immediately: ETH_BUY_1789483905646 @ avg 2393.7
2026-09-16T00:51:46 | INFO     | hl_arb | 🎯 Order filled: BUY 0.2087 ETH @ 2393.7
2026-09-16T00:51:46 | ERROR    | hl_arb | Arb entry rejected for ETH; resetting without opening a position
2026-09-16T00:51:57 | INFO     | hl_arb | Arb signal: SOL spread=-7.9bps | perp BUY @ 97.991 | spot SELL @ 98.05
2026-09-16T00:51:57 | INFO     | hl_arb | 📊 Arb entry: SOL | spread=-7.9bps
  Perp BUY 5.09 @ 97.991
  Spot SELL 5.09 @ 98.05
2026-09-16T00:51:58 | ERROR    | hl_arb | Order error: Insufficient spot balance asset=10156
2026-09-16T00:51:58 | INFO     | hl_arb | Order filled immediately: SOL_BUY_1789483917519 @ avg 97.97
2026-09-16T00:51:58 | INFO     | hl_arb | 🎯 Order filled: BUY 5.09 SOL @ 97.97
2026-09-16T00:51:58 | ERROR    | hl_arb | Arb entry rejected for SOL; resetting without opening a position
2026-09-16T00:51:58 | INFO     | hl_arb | Arb signal: SOL spread=-7.9bps | perp BUY @ 97.991 | spot SELL @ 98.05
2026-09-16T00:51:58 | INFO     | hl_arb | 📊 Arb entry: SOL | spread=-7.9bps
  Perp BUY 5.09 @ 97.991
  Spot SELL 5.09 @ 98.05
2026-09-16T00:51:59 | ERROR    | hl_arb | Order error: Insufficient spot balance asset=10156
2026-09-16T00:51:59 | INFO     | hl_arb | Order filled immediately: SOL_BUY_1789483918577 @ avg 97.979
2026-09-16T00:51:59 | INFO     | hl_arb | 🎯 Order filled: BUY 5.09 SOL @ 97.979
2026-09-16T00:51:59 | ERROR    | hl_arb | Arb entry rejected for SOL; resetting without opening a position
2026-09-16T00:51:59 | INFO     | hl_arb | Arb signal: SOL spread=-7.9bps | perp BUY @ 97.991 | spot SELL @ 98.05
2026-09-16T00:51:59 | INFO     | hl_arb | 📊 Arb entry: SOL | spread=-7.9bps
  Perp BUY 5.09 @ 97.991
  Spot SELL 5.09 @ 98.05
2026-09-16T00:52:00 | INFO     | hl_arb | Order filled immediately: SOL_BUY_1789483919873 @ avg 97.971
2026-09-16T00:52:00 | INFO     | hl_arb | 🎯 Order filled: BUY 5.09 SOL @ 97.971
2026-09-16T00:52:00 | ERROR    | hl_arb | Order error: Insufficient spot balance asset=10156
2026-09-16T00:52:00 | ERROR    | hl_arb | Arb entry rejected for SOL; resetting without opening a position
2026-09-16T00:52:01 | INFO     | hl_arb | Arb signal: SOL spread=-7.9bps | perp BUY @ 97.991 | spot SELL @ 98.05
2026-09-16T00:52:01 | INFO     | hl_arb | 📊 Arb entry: SOL | spread=-7.9bps
  Perp BUY 5.09 @ 97.991
  Spot SELL 5.09 @ 98.05
2026-09-16T00:52:01 | INFO     | hl_arb | Order placed: SOL_BUY_1789483921100 | BUY 5.09 SOL @ 97.991 | oid=545779878158
2026-09-16T00:52:01 | INFO     | hl_arb | ✅ Order open: BUY 5.09 SOL @ 97.991
2026-09-16T00:52:01 | ERROR    | hl_arb | Order error: Insufficient spot balance asset=10156
2026-09-16T00:52:01 | ERROR    | hl_arb | Arb entry rejected for SOL; resetting without opening a position
2026-09-16T00:52:02 | INFO     | hl_arb | Cancelled order SOL_BUY_1789483921100 (oid=545779878158)
2026-09-16T00:52:02 | INFO     | hl_arb | Arb signal: SOL spread=-7.4bps | perp BUY @ 98.021 | spot SELL @ 98.074
2026-09-16T00:52:02 | INFO     | hl_arb | 📊 Arb entry: SOL | spread=-7.4bps
  Perp BUY 5.09 @ 98.021
  Spot SELL 5.09 @ 98.074
2026-09-16T00:52:03 | ERROR    | hl_arb | Order error: Insufficient spot balance asset=10156
2026-09-16T00:52:03 | INFO     | hl_arb | Order filled immediately: SOL_BUY_1789483922957 @ avg 98.011
2026-09-16T00:52:03 | INFO     | hl_arb | 🎯 Order filled: BUY 5.09 SOL @ 98.011
2026-09-16T00:52:03 | ERROR    | hl_arb | Arb entry rejected for SOL; resetting without opening a position
2026-09-16T00:52:04 | INFO     | hl_arb | Arb signal: SOL spread=-7.4bps | perp BUY @ 98.021 | spot SELL @ 98.074
2026-09-16T00:52:04 | INFO     | hl_arb | 📊 Arb entry: SOL | spread=-7.4bps
  Perp BUY 5.09 @ 98.021
  Spot SELL 5.09 @ 98.074
2026-09-16T00:52:05 | ERROR    | hl_arb | Order error: Insufficient spot balance asset=10156
2026-09-16T00:52:05 | INFO     | hl_arb | Order filled immediately: SOL_BUY_1789483924082 @ avg 98.001
2026-09-16T00:52:05 | INFO     | hl_arb | 🎯 Order filled: BUY 5.09 SOL @ 98.001
2026-09-16T00:52:05 | ERROR    | hl_arb | Arb entry rejected for SOL; resetting without opening a position
2026-09-16T00:52:05 | INFO     | hl_arb | Arb signal: SOL spread=-7.4bps | perp BUY @ 98.021 | spot SELL @ 98.074
2026-09-16T00:52:05 | INFO     | hl_arb | 📊 Arb entry: SOL | spread=-7.4bps
  Perp BUY 5.09 @ 98.021
  Spot SELL 5.09 @ 98.074
2026-09-16T00:52:06 | INFO     | hl_arb | Order filled immediately: SOL_BUY_1789483925154 @ avg 98.001
2026-09-16T00:52:06 | INFO     | hl_arb | 🎯 Order filled: BUY 5.09 SOL @ 98.001
2026-09-16T00:52:06 | ERROR    | hl_arb | Order error: Insufficient spot balance asset=10156
2026-09-16T00:52:06 | ERROR    | hl_arb | Arb entry rejected for SOL; resetting without opening a position
2026-09-16T00:52:06 | INFO     | hl_arb | Arb signal: SOL spread=-7.4bps | perp BUY @ 98.021 | spot SELL @ 98.074
2026-09-16T00:52:06 | INFO     | hl_arb | 📊 Arb entry: SOL | spread=-7.4bps
  Perp BUY 5.09 @ 98.021
  Spot SELL 5.09 @ 98.074
2026-09-16T00:52:07 | ERROR    | hl_arb | Order error: Insufficient spot balance asset=10156
2026-09-16T00:52:07 | INFO     | hl_arb | Order filled immediately: SOL_BUY_1789483926199 @ avg 98.001
2026-09-16T00:52:07 | INFO     | hl_arb | 🎯 Order filled: BUY 5.09 SOL @ 98.001
2026-09-16T00:52:07 | ERROR    | hl_arb | Arb entry rejected for SOL; resetting without opening a position
2026-09-16T00:52:07 | INFO     | hl_arb | Arb signal: SOL spread=-7.4bps | perp BUY @ 98.021 | spot SELL @ 98.074
2026-09-16T00:52:07 | INFO     | hl_arb | 📊 Arb entry: SOL | spread=-7.4bps
  Perp BUY 5.09 @ 98.021
  Spot SELL 5.09 @ 98.074
2026-09-16T00:52:08 | ERROR    | hl_arb | Order error: Insufficient spot balance asset=10156
2026-09-16T00:52:08 | INFO     | hl_arb | Order filled immediately: SOL_BUY_1789483927368 @ avg 97.958
2026-09-16T00:52:08 | INFO     | hl_arb | 🎯 Order filled: BUY 5.09 SOL @ 97.958
2026-09-16T00:52:08 | ERROR    | hl_arb | Arb entry rejected for SOL; resetting without opening a position
2026-09-16T00:52:08 | INFO     | hl_arb | Arb signal: SOL spread=-7.1bps | perp BUY @ 97.966 | spot SELL @ 98.03
2026-09-16T00:52:08 | INFO     | hl_arb | 📊 Arb entry: SOL | spread=-7.1bps
  Perp BUY 5.1 @ 97.966
  Spot SELL 5.1 @ 98.03
2026-09-16T00:52:09 | ERROR    | hl_arb | Order error: Insufficient spot balance asset=10156
2026-09-16T00:52:09 | INFO     | hl_arb | Order filled immediately: SOL_BUY_1789483928512 @ avg 97.964
2026-09-16T00:52:09 | INFO     | hl_arb | 🎯 Order filled: BUY 5.1 SOL @ 97.964
2026-09-16T00:52:09 | ERROR    | hl_arb | Arb entry rejected for SOL; resetting without opening a position
2026-09-16T00:52:09 | INFO     | hl_arb | Arb signal: SOL spread=-7.1bps | perp BUY @ 97.966 | spot SELL @ 98.03
2026-09-16T00:52:09 | INFO     | hl_arb | 📊 Arb entry: SOL | spread=-7.1bps
  Perp BUY 5.1 @ 97.966
  Spot SELL 5.1 @ 98.03
2026-09-16T00:52:10 | INFO     | hl_arb | Order placed: SOL_BUY_1789483929840 | BUY 5.1 SOL @ 97.966 | oid=545780123138
2026-09-16T00:52:10 | INFO     | hl_arb | ✅ Order open: BUY 5.1 SOL @ 97.966
2026-09-16T00:52:10 | ERROR    | hl_arb | Order error: Insufficient spot balance asset=10156
2026-09-16T00:52:10 | ERROR    | hl_arb | Arb entry rejected for SOL; resetting without opening a position
2026-09-16T00:52:11 | INFO     | hl_arb | Cancelled order SOL_BUY_1789483929840 (oid=545780123138)
2026-09-16T00:52:11 | INFO     | hl_arb | Arb signal: SOL spread=-7.1bps | perp BUY @ 97.966 | spot SELL @ 98.03
2026-09-16T00:52:11 | INFO     | hl_arb | 📊 Arb entry: SOL | spread=-7.1bps
  Perp BUY 5.1 @ 97.966
  Spot SELL 5.1 @ 98.03
2026-09-16T00:52:12 | ERROR    | hl_arb | Order error: Insufficient spot balance asset=10156
2026-09-16T00:52:12 | INFO     | hl_arb | Order placed: SOL_BUY_1789483931772 | BUY 5.1 SOL @ 97.966 | oid=545780165582
2026-09-16T00:52:12 | INFO     | hl_arb | ✅ Order open: BUY 5.1 SOL @ 97.966
2026-09-16T00:52:12 | ERROR    | hl_arb | Arb entry rejected for SOL; resetting without opening a position
2026-09-16T00:52:13 | INFO     | hl_arb | Cancelled order SOL_BUY_1789483931772 (oid=545780165582)
2026-09-16T00:52:13 | INFO     | hl_arb | Arb signal: SOL spread=-9.6bps | perp BUY @ 98.011 | spot SELL @ 98.073
2026-09-16T00:52:13 | INFO     | hl_arb | 📊 Arb entry: SOL | spread=-9.6bps
  Perp BUY 5.09 @ 98.011
  Spot SELL 5.09 @ 98.073
2026-09-16T00:52:14 | INFO     | hl_arb | Order placed: SOL_BUY_1789483933922 | BUY 5.09 SOL @ 98.011 | oid=545780227174
2026-09-16T00:52:14 | INFO     | hl_arb | ✅ Order open: BUY 5.09 SOL @ 98.011
2026-09-16T00:52:14 | ERROR    | hl_arb | Order error: Insufficient spot balance asset=10156
2026-09-16T00:52:14 | ERROR    | hl_arb | Arb entry rejected for SOL; resetting without opening a position
2026-09-16T00:52:15 | INFO     | hl_arb | Cancelled order SOL_BUY_1789483933922 (oid=545780227174)
2026-09-16T00:52:15 | INFO     | hl_arb | Arb signal: SOL spread=-9.6bps | perp BUY @ 98.011 | spot SELL @ 98.073
2026-09-16T00:52:15 | INFO     | hl_arb | 📊 Arb entry: SOL | spread=-9.6bps
  Perp BUY 5.09 @ 98.011
  Spot SELL 5.09 @ 98.073
2026-09-16T00:52:16 | INFO     | hl_arb | Order placed: SOL_BUY_1789483935805 | BUY 5.09 SOL @ 98.011 | oid=545780288203
2026-09-16T00:52:16 | INFO     | hl_arb | ✅ Order open: BUY 5.09 SOL @ 98.011
2026-09-16T00:52:16 | ERROR    | hl_arb | Order error: Insufficient spot balance asset=10156
2026-09-16T00:52:16 | ERROR    | hl_arb | Arb entry rejected for SOL; resetting without opening a position
2026-09-16T00:52:17 | INFO     | hl_arb | Cancelled order SOL_BUY_1789483935805 (oid=545780288203)
2026-09-16T00:52:17 | INFO     | hl_arb | Arb signal: SOL spread=-9.6bps | perp BUY @ 98.011 | spot SELL @ 98.073
2026-09-16T00:52:17 | INFO     | hl_arb | 📊 Arb entry: SOL | spread=-9.6bps
  Perp BUY 5.09 @ 98.011
  Spot SELL 5.09 @ 98.073
2026-09-16T00:52:18 | ERROR    | hl_arb | Order error: Insufficient spot balance asset=10156
2026-09-16T00:52:18 | INFO     | hl_arb | Order placed: SOL_BUY_1789483937783 | BUY 5.09 SOL @ 98.011 | oid=545780354076
2026-09-16T00:52:18 | INFO     | hl_arb | ✅ Order open: BUY 5.09 SOL @ 98.011
2026-09-16T00:52:18 | ERROR    | hl_arb | Arb entry rejected for SOL; resetting without opening a position
2026-09-16T00:52:19 | INFO     | hl_arb | Cancelled order SOL_BUY_1789483937783 (oid=545780354076)
2026-09-16T00:52:19 | INFO     | hl_arb | Arb signal: SOL spread=-9.8bps | perp BUY @ 98.074 | spot SELL @ 98.146
2026-09-16T00:52:19 | INFO     | hl_arb | 📊 Arb entry: SOL | spread=-9.8bps
  Perp BUY 5.09 @ 98.074
  Spot SELL 5.09 @ 98.146
2026-09-16T00:52:20 | ERROR    | hl_arb | Order error: Insufficient spot balance asset=10156
2026-09-16T00:52:20 | INFO     | hl_arb | Order placed: SOL_BUY_1789483939850 | BUY 5.09 SOL @ 98.074 | oid=545780405218
2026-09-16T00:52:20 | INFO     | hl_arb | ✅ Order open: BUY 5.09 SOL @ 98.074
2026-09-16T00:52:20 | ERROR    | hl_arb | Arb entry rejected for SOL; resetting without opening a position
2026-09-16T00:52:21 | INFO     | hl_arb | Cancelled order SOL_BUY_1789483939850 (oid=545780405218)
2026-09-16T00:52:21 | INFO     | hl_arb | Arb signal: SOL spread=-9.8bps | perp BUY @ 98.074 | spot SELL @ 98.146
2026-09-16T00:52:21 | INFO     | hl_arb | 📊 Arb entry: SOL | spread=-9.8bps
  Perp BUY 5.09 @ 98.074
  Spot SELL 5.09 @ 98.146
2026-09-16T00:52:22 | ERROR    | hl_arb | Order error: Insufficient spot balance asset=10156
2026-09-16T00:52:22 | INFO     | hl_arb | Order placed: SOL_BUY_1789483941655 | BUY 5.09 SOL @ 98.074 | oid=545780453245
2026-09-16T00:52:22 | INFO     | hl_arb | ✅ Order open: BUY 5.09 SOL @ 98.074
2026-09-16T00:52:22 | ERROR    | hl_arb | Arb entry rejected for SOL; resetting without opening a position
2026-09-16T00:52:23 | INFO     | hl_arb | Cancelled order SOL_BUY_1789483941655 (oid=545780453245)
2026-09-16T00:52:23 | INFO     | hl_arb | Arb signal: SOL spread=-9.8bps | perp BUY @ 98.074 | spot SELL @ 98.146
2026-09-16T00:52:23 | INFO     | hl_arb | 📊 Arb entry: SOL | spread=-9.8bps
  Perp BUY 5.09 @ 98.074
  Spot SELL 5.09 @ 98.146
2026-09-16T00:52:24 | ERROR    | hl_arb | Order error: Insufficient spot balance asset=10156
2026-09-16T00:52:24 | INFO     | hl_arb | Order filled immediately: SOL_BUY_1789483943408 @ avg 98.071
2026-09-16T00:52:24 | INFO     | hl_arb | 🎯 Order filled: BUY 5.09 SOL @ 98.071
2026-09-16T00:52:24 | ERROR    | hl_arb | Arb entry rejected for SOL; resetting without opening a position
2026-09-16T00:52:24 | INFO     | hl_arb | Arb signal: SOL spread=-7.0bps | perp BUY @ 98.061 | spot SELL @ 98.129
2026-09-16T00:52:24 | INFO     | hl_arb | 📊 Arb entry: SOL | spread=-7.0bps
  Perp BUY 5.09 @ 98.061
  Spot SELL 5.09 @ 98.129
2026-09-16T00:52:25 | ERROR    | hl_arb | Order error: Insufficient spot balance asset=10156
2026-09-16T00:52:25 | INFO     | hl_arb | Order placed: SOL_BUY_1789483944562 | BUY 5.09 SOL @ 98.061 | oid=545780522019
2026-09-16T00:52:25 | INFO     | hl_arb | ✅ Order open: BUY 5.09 SOL @ 98.061
2026-09-16T00:52:25 | ERROR    | hl_arb | Arb entry rejected for SOL; resetting without opening a position
2026-09-16T00:52:26 | INFO     | hl_arb | Cancelled order SOL_BUY_1789483944562 (oid=545780522019)
2026-09-16T00:52:26 | INFO     | hl_arb | Arb signal: SOL spread=-7.0bps | perp BUY @ 98.061 | spot SELL @ 98.129
2026-09-16T00:52:26 | INFO     | hl_arb | 📊 Arb entry: SOL | spread=-7.0bps
  Perp BUY 5.09 @ 98.061
  Spot SELL 5.09 @ 98.129
2026-09-16T00:52:27 | INFO     | hl_arb | Order placed: SOL_BUY_1789483946480 | BUY 5.09 SOL @ 98.061 | oid=545780568252
2026-09-16T00:52:27 | INFO     | hl_arb | ✅ Order open: BUY 5.09 SOL @ 98.061
2026-09-16T00:52:27 | ERROR    | hl_arb | Order error: Insufficient spot balance asset=10156
2026-09-16T00:52:27 | ERROR    | hl_arb | Arb entry rejected for SOL; resetting without opening a position
2026-09-16T00:52:28 | INFO     | hl_arb | Cancelled order SOL_BUY_1789483946480 (oid=545780568252)
2026-09-16T00:52:28 | INFO     | hl_arb | Arb signal: SOL spread=-7.0bps | perp BUY @ 98.061 | spot SELL @ 98.129
2026-09-16T00:52:28 | INFO     | hl_arb | 📊 Arb entry: SOL | spread=-7.0bps
  Perp BUY 5.09 @ 98.061
  Spot SELL 5.09 @ 98.129
2026-09-16T00:52:29 | INFO     | hl_arb | Order placed: SOL_BUY_1789483948390 | BUY 5.09 SOL @ 98.061 | oid=545780615337
2026-09-16T00:52:29 | INFO     | hl_arb | ✅ Order open: BUY 5.09 SOL @ 98.061
2026-09-16T00:52:29 | ERROR    | hl_arb | Order error: Insufficient spot balance asset=10156
2026-09-16T00:52:29 | ERROR    | hl_arb | Arb entry rejected for SOL; resetting without opening a position
2026-09-16T00:52:30 | INFO     | hl_arb | Cancelled order SOL_BUY_1789483948390 (oid=545780615337)
2026-09-16T00:52:56 | INFO     | hl_arb | Arb signal: SOL spread=-7.6bps | perp BUY @ 98.222 | spot SELL @ 98.292
2026-09-16T00:52:56 | INFO     | hl_arb | 📊 Arb entry: SOL | spread=-7.6bps
  Perp BUY 5.08 @ 98.222
  Spot SELL 5.08 @ 98.292
2026-09-16T00:52:57 | INFO     | hl_arb | Order placed: SOL_BUY_1789483976717 | BUY 5.08 SOL @ 98.222 | oid=545781286734
2026-09-16T00:52:57 | INFO     | hl_arb | ✅ Order open: BUY 5.08 SOL @ 98.222
2026-09-16T00:52:57 | ERROR    | hl_arb | Order error: Insufficient spot balance asset=10156
2026-09-16T00:52:57 | ERROR    | hl_arb | Arb entry rejected for SOL; resetting without opening a position
2026-09-16T00:52:58 | INFO     | hl_arb | Cancelled order SOL_BUY_1789483976717 (oid=545781286734)
2026-09-16T00:52:58 | INFO     | hl_arb | Arb signal: SOL spread=-7.6bps | perp BUY @ 98.222 | spot SELL @ 98.292
2026-09-16T00:52:58 | INFO     | hl_arb | 📊 Arb entry: SOL | spread=-7.6bps
  Perp BUY 5.08 @ 98.222
  Spot SELL 5.08 @ 98.292
2026-09-16T00:52:59 | ERROR    | hl_arb | Order error: Insufficient spot balance asset=10156
2026-09-16T00:52:59 | INFO     | hl_arb | Order placed: SOL_BUY_1789483978709 | BUY 5.08 SOL @ 98.222 | oid=545781332849
2026-09-16T00:52:59 | INFO     | hl_arb | ✅ Order open: BUY 5.08 SOL @ 98.222
2026-09-16T00:52:59 | ERROR    | hl_arb | Arb entry rejected for SOL; resetting without opening a position
2026-09-16T00:53:00 | INFO     | hl_arb | Cancelled order SOL_BUY_1789483978709 (oid=545781332849)
2026-09-16T00:53:00 | INFO     | hl_arb | Arb signal: SOL spread=-7.6bps | perp BUY @ 98.222 | spot SELL @ 98.292
2026-09-16T00:53:00 | INFO     | hl_arb | 📊 Arb entry: SOL | spread=-7.6bps
  Perp BUY 5.08 @ 98.222
  Spot SELL 5.08 @ 98.292
2026-09-16T00:53:01 | ERROR    | hl_arb | Order error: Insufficient spot balance asset=10156
2026-09-16T00:53:01 | INFO     | hl_arb | Order placed: SOL_BUY_1789483980937 | BUY 5.08 SOL @ 98.222 | oid=545781383535
2026-09-16T00:53:01 | INFO     | hl_arb | ✅ Order open: BUY 5.08 SOL @ 98.222
2026-09-16T00:53:01 | ERROR    | hl_arb | Arb entry rejected for SOL; resetting without opening a position
2026-09-16T00:53:02 | INFO     | hl_arb | Cancelled order SOL_BUY_1789483980937 (oid=545781383535)
2026-09-16T00:53:28 | INFO     | hl_arb | Received SIGINT — shutting down…
2026-09-16T00:53:28 | INFO     | hl_arb | Stopping strategy and feed…
2026-09-16T00:53:28 | INFO     | hl_arb | PerpSpotArbStrategy stopping
2026-09-16T00:53:28 | INFO     | hl_arb | 🛑 Hyperliquid Arb Bot stopped
2026-09-16T00:53:28 | INFO     | hl_arb | Shutdown complete
2026-09-16T00:57:07 | INFO     | hl_arb | ============================================================
2026-09-16T00:57:07 | INFO     | hl_arb |   Hyperliquid Arb Bot starting
2026-09-16T00:57:07 | INFO     | hl_arb |   Wallet  : 0x69fA2304DD7EF1DAb42F15A5f0f0C8720d0C3Fc6
2026-09-16T00:57:07 | INFO     | hl_arb |   API URL : https://api.hyperliquid.xyz
2026-09-16T00:57:07 | INFO     | hl_arb |   Pairs   : [('ETH', 'ETH'), ('BTC', 'BTC'), ('SOL', 'SOL')]
2026-09-16T00:57:07 | INFO     | hl_arb | ============================================================
2026-09-16T00:57:07 | INFO     | hl_arb | 🤖 Hyperliquid Arb Bot started
2026-09-16T00:57:07 | INFO     | hl_arb | Loaded 234 asset indices
2026-09-16T00:57:07 | INFO     | hl_arb | OrderManager ready
2026-09-16T00:57:07 | INFO     | hl_arb | Connecting to WebSocket: wss://api.hyperliquid.xyz/ws
2026-09-16T00:57:07 | INFO     | hl_arb | PerpSpotArbStrategy starting
2026-09-16T00:57:08 | INFO     | hl_arb | WebSocket connected
2026-09-16T01:06:18 | INFO     | hl_arb | Received SIGINT — shutting down…
2026-09-16T01:06:18 | INFO     | hl_arb | Stopping strategy and feed…
2026-09-16T01:06:18 | INFO     | hl_arb | PerpSpotArbStrategy stopping
2026-09-16T01:06:19 | INFO     | hl_arb | 🛑 Hyperliquid Arb Bot stopped
2026-09-16T01:06:19 | INFO     | hl_arb | Shutdown complete
